scenario_id,t_sec,x,y,z,vz,speed_abs,roll_deg,pitch_deg,tag_error,wind_speed,wind_cmd_speed,wind_cmd_dir,state,imu_ang_vel,imu_lin_acc,contact_force,arm_force_fl,arm_force_fr,arm_force_rl,arm_force_rr,pred_stable_prob,decision,control_phase,semantic_wind_risk,semantic_alignment,semantic_visual,semantic_context,semantic_safe,sem_wind_speed,sem_wind_dir_norm,sem_roll_abs,sem_pitch_abs,sem_tag_u,sem_tag_v,sem_jitter,sem_stability_score,sem_wind_risk_enc,sem_alignment_enc,sem_visual_enc,sem_context_enc,final_label
1,3.5e-05,-2.06649149628426e-08,1.19873145790001e-08,7.2590107353623e-07,-0.00259506699318013,0.00259506699325794,0.000288024595586566,3.16059280425352e-05,NaN,NaN,0,0,0,NaN,NaN,NaN,NaN,NaN,NaN,NaN,0,track,takeoff,low,misaligned,unstable,caution,0,0,0,5.48618277307744e-06,6.02017677000671e-07,0,0,0,0,0,0,0,0.5,unstable
1,0.333616,-2.15604871714889e-08,1.25280598938272e-08,7.25901073541746e-07,-0.00259506699318397,0.00259506699326177,0.00028802459558808,3.16059280410438e-05,NaN,NaN,0,0,0,NaN,NaN,NaN,NaN,NaN,NaN,NaN,0,track,takeoff,low,misaligned,unstable,caution,0,0,0,5.48618277310629e-06,6.02017676972263e-07,0,0,0,0,0,0,0,0.5,unstable
1,0.579436,2.71778707923832e-05,0.000258562859596389,0.0972516691575083,0.828792352718873,0.828805392946914,0.0965203973315947,0.0101554622047263,NaN,NaN,0,0,2,NaN,NaN,NaN,NaN,NaN,NaN,NaN,0,track,takeoff,low,misaligned,unstable,caution,0,0,0,0.00183848375869704,0.00019343737532812,0,0,0,0,0,0,0,0.5,unstable
1,0.822913,0.000168772585004071,0.00160437227072089,0.354983084260757,1.24589087826433,1.24592777487512,0.0814979789850801,0.00857514359601693,NaN,NaN,0,0,2,NaN,NaN,NaN,NaN,NaN,NaN,NaN,0,track,takeoff,low,misaligned,unstable,caution,0,0,0,0.00155234245685867,0.000163336068495561,0,0,0,0,0,0,0,0.5,unstable
1,1.160937,0.000514186302499491,0.00488731256973219,0.8117412836269,1.43084879414156,1.43090174286921,0.0375222728094182,0.00394811214212173,NaN,NaN,0,0,2,NaN,NaN,NaN,NaN,NaN,NaN,NaN,0,track,takeoff,low,misaligned,unstable,caution,0,0,0,0.000714709958274632,7.52021360404138e-05,0,0,0,0,0,0,0,0.5,unstable
1,1.420837,0.000841369789391363,0.00799695589887837,1.19189009155435,1.47795733996347,1.47801457135488,0.017395003321252,0.00183032030955665,NaN,NaN,0,0,2,NaN,NaN,NaN,NaN,NaN,NaN,NaN,0,track,takeoff,low,misaligned,unstable,caution,0,0,0,0.000331333396595276,3.48632439915552e-05,0,0,0,0,0,0,0,0.5,unstable
1,1.662022,0.00116506740292205,0.0110734589901455,1.55155608243915,1.50492084366671,1.50497931812655,0.00788114631814033,0.000829265256049496,NaN,NaN,0,0,2,NaN,NaN,NaN,NaN,NaN,NaN,NaN,0,track,takeoff,low,misaligned,unstable,caution,0,0,0,0.000150117072726483,1.57955286866571e-05,0,0,0,0,0,0,0,0.5,unstable
1,1.904681,0.00149886888408375,0.0142459876293249,1.91548688108445,1.51182341650563,1.51188251416293,0.00335266846632702,0.000352773499220874,0.198805741239657,NaN,0,0,2,NaN,NaN,NaN,NaN,NaN,NaN,NaN,0,track,takeoff,low,aligned,unstable,caution,0,0,0,6.38603517395623e-05,6.71949522325473e-06,0.0187539100646973,-0.197919209798177,0,0,0,1,0,0.5,unstable
1,2.137476,0.00182383941164276,0.0173345830381065,2.26695287516658,1.51449832056998,1.51455764152973,0.00139992447412291,0.000147302831672858,0.198805741239657,0,0,0,2,NaN,NaN,NaN,NaN,NaN,NaN,NaN,0,track,takeoff,low,aligned,unstable,caution,0,0,0,2.66652280785316e-05,2.80576822234016e-06,0.0187539100646973,-0.197919209798177,0,0,0,1,0,0.5,unstable
1,2.374353,0.00215483283735818,0.0204804207513205,2.58485081058313,1.00797638552811,1.00805375622075,0.0343581204853712,0.00361503319703643,0.198805741239657,NaN,0,0,1,NaN,NaN,NaN,NaN,NaN,NaN,NaN,0,track,hover_settle,low,aligned,unstable,caution,0,0,0,0.000654440390197547,6.88577751816463e-05,0.0187539100646973,-0.197919209798177,0,0,0,1,0,0.5,unstable
1,2.613746,0.00245656206737796,0.0233522910722141,2.7695484264359,0.555146344940751,0.555206955370197,0.120741297710508,0.0126744365149514,NaN,NaN,2.16843849967589,-125.671489279003,1,NaN,NaN,NaN,NaN,NaN,NaN,NaN,0,track,hover_settle,medium,misaligned,unstable,caution,0,0.722812833225296,-0.698174940438907,0.00229983424210492,0.000241417838380026,0,0,0,0,0.5,0,0,0.5,unstable
1,2.854716,0.000336530621745429,0.0220443403144238,2.87185219821359,0.304341704297197,0.305280292065955,0.21560831988128,0.231210111621885,NaN,NaN,2.16843849967589,-125.671489279003,1,NaN,NaN,NaN,NaN,NaN,NaN,NaN,0,track,hover_settle,medium,misaligned,unstable,caution,0,0.722812833225296,-0.698174940438907,0.00410682514059582,0.00440400212613114,0,0,0,0,0.5,0,0,0.5,unstable
1,3.094144,-0.00446848695089879,0.0160772365978773,2.92791300714686,0.17782892754777,0.180742395404912,0.739140279904779,0.566377244027279,NaN,NaN,2.16843849967589,-125.671489279003,1,NaN,NaN,NaN,NaN,NaN,NaN,NaN,0,track,hover_settle,medium,misaligned,unstable,caution,0,0.722812833225296,-0.698174940438907,0.0140788624743767,0.010788137981472,0,0,0,0,0.5,0,0,0.5,unstable
1,3.331027,-0.00911825429396569,0.00986413214164755,2.9595639824652,0.0926182125653633,0.0963098616919063,0.903517270349133,0.649481460372352,NaN,NaN,2.16843849967589,-125.671489279003,1,NaN,NaN,NaN,NaN,NaN,NaN,NaN,0,track,hover_settle,medium,misaligned,unstable,caution,0,0.722812833225296,-0.698174940438907,0.0172098527685549,0.0123710754356638,0,0,0,0,0.5,0,0,0.5,unstable
1,3.571657,-0.0126683074648056,0.00513980919002468,2.97760829880465,0.05041756215424,0.0546067192292258,0.754565016109875,0.536672509796885,NaN,NaN,2.08191409163465,-127.524997696303,1,NaN,NaN,NaN,NaN,NaN,NaN,NaN,0,track,hover_settle,medium,misaligned,unstable,caution,0,0.693971363878215,-0.708472209423906,0.0143726669735214,0.0102223335199407,0,0,0,0,0.5,0,0,0.5,unstable
1,3.813377,-0.0158850927576819,0.00113939868352176,2.98789416963913,0.0276381422244686,0.0353585644086982,0.58952075442021,0.443468824499223,NaN,NaN,2.08191409163465,-127.524997696303,1,NaN,NaN,NaN,NaN,NaN,NaN,NaN,0,track,hover_settle,medium,misaligned,unstable,caution,0,0.693971363878215,-0.708472209423906,0.0112289667508611,0.00844702522855663,0,0,0,0,0.5,0,0,0.5,unstable
1,4.054645,-0.0196213974720521,-0.00340987363285156,2.99404432096387,0.0249833761080947,0.0364766066090411,0.564684234264819,0.451269226281081,NaN,NaN,2.08191409163465,-127.524997696303,1,NaN,NaN,NaN,NaN,NaN,NaN,NaN,0,track,hover_settle,medium,misaligned,unstable,caution,0,0.693971363878215,-0.708472209423906,0.0107558901764727,0.00859560431011583,0,0,0,0,0.5,0,0,0.5,unstable
1,4.293701,-0.0238227652664404,-0.00875561553625148,2.99791078661267,0.0183097607557472,0.0344148736257316,0.632367806218499,0.500387595704573,NaN,NaN,2.08191409163465,-127.524997696303,1,NaN,NaN,NaN,NaN,NaN,NaN,NaN,0,track,hover_settle,medium,misaligned,unstable,caution,0,0.693971363878215,-0.708472209423906,0.0120451010708286,0.00953119229913472,0,0,0,0,0.5,0,0,0.5,unstable
1,4.53093,-0.0280394667546792,-0.0142955889946728,3.00053066266639,0.00482277714011002,0.0294036036434658,0.680473776102357,0.52286764140471,NaN,NaN,2.23273281638192,-127.218441069072,1,NaN,NaN,NaN,NaN,NaN,NaN,NaN,0,track,hover_settle,medium,misaligned,unstable,caution,0,0.744244272127306,-0.706769117050402,0.0129614052590925,0.009959383645804,0,0,0,0,0.5,0,0,0.5,unstable
1,4.77049,-0.0322712146124849,-0.0199038040101678,3.0024809477154,0.0125542211500908,0.0319932867706848,0.699071042975441,0.527748510897104,0.26596939022419,NaN,2.23273281638192,-127.218441069072,1,NaN,NaN,NaN,NaN,NaN,NaN,NaN,0,land_by_threshold_no_model,landing_observe,medium,aligned,unstable,caution,0,0.744244272127306,-0.706769117050402,0.0133156389138179,0.0100523525885163,-0.0258340835571289,-0.264711761474609,0,0,0.5,1,0,0.5,unstable
1,5.010114,-0.0368234776878241,-0.0259038730157408,2.98367482743165,-0.178519974708529,0.182202544869527,0.616342846074367,0.462948667533848,0.26596939022419,NaN,2.23273281638192,-127.218441069072,3,NaN,NaN,NaN,NaN,NaN,NaN,NaN,0,track,landing_observe,medium,aligned,unstable,caution,0,0.744244272127306,-0.706769117050402,0.0117398637347498,0.00881806985778758,-0.0258340835571289,-0.264711761474609,0,0,0.5,1,0,0.5,unstable
1,5.253491,-0.0425377208572303,-0.0333735471394643,2.92376080413114,-0.308770489707215,0.312548365752378,0.408102063650015,0.305551146376947,0.26596939022419,NaN,2.23273281638192,-127.218441069072,3,NaN,NaN,NaN,NaN,NaN,NaN,NaN,0,track,landing_observe,medium,aligned,unstable,caution,0,0.744244272127306,-0.706769117050402,0.00777337264095267,0.00582002183575138,-0.0258340835571289,-0.264711761474609,0,0,0.5,1,0,0.5,unstable
1,5.493766,-0.0505908267792898,-0.0438687853296881,2.84020631938232,-0.383390763098567,0.38949518792554,0.21257039723138,0.158592644212879,NaN,NaN,2.23273281638192,-127.218441069072,3,NaN,NaN,NaN,NaN,NaN,NaN,NaN,0,track,landing_observe,medium,misaligned,unstable,caution,0,0.744244272127306,-0.706769117050402,0.00404895994726439,0.0030208122707215,0,0,0,0,0.5,0,0,0.5,unstable
1,5.730423,-0.0621196725433786,-0.058906332458255,2.74428414781267,-0.426927097453563,0.437690240636529,0.0788774575787752,0.0584382505007942,NaN,NaN,2.11970052284487,-129.066421033595,3,NaN,NaN,NaN,NaN,NaN,NaN,NaN,0,track,landing_observe,medium,misaligned,unstable,caution,0,0.706566840948289,-0.717035672408863,0.00150242776340524,0.00111310953334846,0,0,0,0,0.5,0,0,0.5,unstable
1,5.970232,-0.0784977634460974,-0.0800828367735586,2.50574799041882,-2.10218170279782,2.10612226512698,0.00870599854559819,0.00700667826313452,0.290032889886749,NaN,2.11970052284487,-129.066421033595,0,NaN,NaN,NaN,NaN,NaN,NaN,NaN,0,track,landing_observe,medium,aligned,unstable,caution,0,0.706566840948289,-0.717035672408863,0.00016582854372568,0.00013346053834542,-0.0515645980834961,-0.285412279764811,0,0,0.5,1,0,0.5,unstable
1,6.207349,-0.0997633761470967,-0.107265698197616,1.74276166524392,-4.42507772935757,4.42776295191177,0.0923306419426519,0.0694816601670604,0.290032889886749,NaN,2.11970052284487,-129.066421033595,0,NaN,NaN,NaN,NaN,NaN,NaN,NaN,0,track,landing_observe,medium,aligned,unstable,caution,0,0.706566840948289,-0.717035672408863,0.00175867889414575,0.00132346019365829,-0.0515645980834961,-0.285412279764811,0,0,0.5,1,0,0.5,unstable
1,6.448974,-0.126597470407808,-0.141325395822156,0.402427733736952,-6.78727270657149,6.78943514569732,0.177366901376707,0.133010917297878,0.290032889886749,NaN,2.11970052284487,-129.066421033595,0,NaN,NaN,NaN,NaN,NaN,NaN,NaN,0,track,landing_observe,medium,aligned,unstable,caution,0,0.706566840948289,-0.717035672408863,0.00337841716908014,0.00253354128186435,-0.0515645980834961,-0.285412279764811,0,0,0.5,1,0,0.5,unstable
1,6.684919,-0.102489284936568,-0.148266230228509,0.117521579793437,0.187754388378674,0.419474578027628,1.38361192202235,34.6528433355079,NaN,NaN,2.15589717452826,-126.233101978353,0,NaN,NaN,NaN,NaN,NaN,NaN,NaN,0,track,landing_observe,medium,misaligned,unstable,caution,0,0.718632391509418,-0.701295010990848,0.0263545128004257,0.660054158771578,0,0,0,0,0.5,0,0,0.5,unstable
1,6.924472,-0.10707065986689,-0.143765644755879,0.106883250069232,-0.3153924493055,0.552047488219751,0.593825566936376,32.4481358947595,NaN,NaN,2.15589717452826,-126.233101978353,0,NaN,NaN,NaN,NaN,NaN,NaN,NaN,0,track,landing_observe,medium,misaligned,unstable,caution,0,0.718632391509418,-0.701295010990848,0.0113109631797405,0.618059731328752,0,0,0,0,0.5,0,0,0.5,unstable
1,7.159108,-0.136912714827225,-0.143110411575709,0.0270307828382332,0.206421991567764,0.219988980640301,0.459937407256808,9.35257718785569,NaN,2.15589714050293,2.15589717452826,-126.233101978353,0,NaN,NaN,NaN,NaN,NaN,NaN,NaN,0,track,landing_observe,medium,misaligned,unstable,caution,0,0.718632380167643,-0.701295010990848,0.00876071251917729,0.178144327387727,0,0,0,0,0.5,0,0,0.5,unstable
1,7.394579,-0.136324243056332,-0.143079659699017,0.0230888444545166,-0.284516220151217,0.295603623588079,0.00097601046032019,8.29646761450751,NaN,NaN,2.15589717452826,-126.233101978353,0,NaN,NaN,NaN,NaN,NaN,NaN,NaN,0,track,landing_observe,medium,misaligned,unstable,caution,0,0.718632391509418,-0.701295010990848,1.85906754346703e-05,0.158027954562048,0,0,0,0,0.5,0,0,0.5,unstable
1,7.63481,-0.134636412732005,-0.143325622272146,0.00317297549641067,-0.185798666430567,0.185900911885117,0.722595778177193,0.509070971789996,NaN,NaN,2.25512794508045,-129.088711176342,0,NaN,NaN,NaN,NaN,NaN,NaN,NaN,0,track,landing_observe,medium,misaligned,unstable,caution,0,0.751709315026816,-0.717159506535231,0.013763729108137,0.00969658993885706,0,0,0,0,0.5,0,0,0.5,unstable
1,7.717642,-0.134746249085098,-0.143243271275179,0.00385817174878277,0.0549921765323706,0.0550854992380011,0.269599613137115,1.16282685628193,NaN,NaN,NaN,NaN,0,NaN,NaN,NaN,NaN,NaN,NaN,NaN,NaN,post_observe,,,,,,NaN,NaN,NaN,NaN,NaN,NaN,NaN,NaN,NaN,NaN,NaN,NaN,NaN,unstable
1,7.953712,-0.134691674840409,-0.143205849375276,0.000313823568563408,-0.0125513369627422,0.0125514804562974,0.0140684854195624,0.100949532868772,NaN,NaN,NaN,NaN,0,NaN,NaN,NaN,NaN,NaN,NaN,NaN,NaN,post_observe,,,,,,NaN,NaN,NaN,NaN,NaN,NaN,NaN,NaN,NaN,NaN,NaN,NaN,NaN,unstable
1,8.18767,-0.134694989725691,-0.143212080545963,-6.1017826188222e-07,0.000609285496163945,0.000609285496173878,0.000349092018487346,4.03666668262726e-09,NaN,NaN,NaN,NaN,0,NaN,NaN,NaN,NaN,NaN,NaN,NaN,NaN,post_observe,,,,,,NaN,NaN,NaN,NaN,NaN,NaN,NaN,NaN,NaN,NaN,NaN,NaN,NaN,unstable
1,8.426687,-0.134694966378555,-0.143212075687742,-5.05281565657725e-07,0.000504387669100009,0.000504387669105557,0.000288990638264533,4.04076071540268e-09,NaN,NaN,NaN,NaN,0,NaN,NaN,NaN,NaN,NaN,NaN,NaN,NaN,post_observe,,,,,,NaN,NaN,NaN,NaN,NaN,NaN,NaN,NaN,NaN,NaN,NaN,NaN,NaN,unstable
1,8.671454,-0.134694942469049,-0.143212070712529,-5.05267321087676e-07,-0.0006093130539745,0.000609313076845915,0.000288982476733228,4.04076520063644e-09,NaN,NaN,NaN,NaN,0,NaN,NaN,NaN,NaN,NaN,NaN,NaN,NaN,post_observe,,,,,,NaN,NaN,NaN,NaN,NaN,NaN,NaN,NaN,NaN,NaN,NaN,NaN,NaN,unstable
1,8.910924,-0.134694918156574,-0.143212065653519,-5.05252831626578e-07,0.000504358934624701,0.000504358934630249,0.000288974174891431,4.04076885578587e-09,NaN,NaN,NaN,NaN,0,NaN,NaN,NaN,NaN,NaN,NaN,NaN,NaN,post_observe,,,,,,NaN,NaN,NaN,NaN,NaN,NaN,NaN,NaN,NaN,NaN,NaN,NaN,NaN,unstable
1,9.144907,-0.134694894471422,-0.143212060725162,-6.1023501788895e-07,0.00060934249026982,0.000609342490279757,0.000349124537290532,4.03666996257579e-09,NaN,NaN,NaN,NaN,0,NaN,NaN,NaN,NaN,NaN,NaN,NaN,NaN,post_observe,,,,,,NaN,NaN,NaN,NaN,NaN,NaN,NaN,NaN,NaN,NaN,NaN,NaN,NaN,unstable
1,9.380108,-0.134694871735069,-0.143212055990823,-8.92753944991921e-10,-0.000504331994619556,0.000504332055471851,2.78011110479647e-09,2.94462613947281e-11,NaN,NaN,NaN,NaN,0,NaN,NaN,NaN,NaN,NaN,NaN,NaN,NaN,post_observe,,,,,,NaN,NaN,NaN,NaN,NaN,NaN,NaN,NaN,NaN,NaN,NaN,NaN,NaN,unstable
1,9.604915,-0.134694848189867,-0.143212051095424,-6.10262606255417e-07,-0.000609368915626129,0.000609368938460532,0.000349140344261413,4.03667182839857e-09,NaN,2.25512790679932,NaN,NaN,0,NaN,NaN,NaN,NaN,NaN,NaN,NaN,NaN,post_observe,,,,,,NaN,NaN,NaN,NaN,NaN,NaN,NaN,NaN,NaN,NaN,NaN,NaN,NaN,unstable
1,9.845942,-0.134694825434277,-0.143212046357348,-8.92753763380116e-10,0.000504303519634174,0.00050430351963972,2.78012446298239e-09,2.935962658387e-11,NaN,NaN,NaN,NaN,0,NaN,NaN,NaN,NaN,NaN,NaN,NaN,NaN,post_observe,,,,,,NaN,NaN,NaN,NaN,NaN,NaN,NaN,NaN,NaN,NaN,NaN,NaN,NaN,unstable
1,10.079462,-0.134694801230436,-0.143212041325212,-5.05183130030273e-07,0.000504289231926703,0.000504289231932249,0.00028893423885187,4.04078706812032e-09,NaN,NaN,NaN,NaN,0,NaN,NaN,NaN,NaN,NaN,NaN,NaN,NaN,post_observe,,,,,,NaN,NaN,NaN,NaN,NaN,NaN,NaN,NaN,NaN,NaN,NaN,NaN,NaN,unstable
1,10.441201,-0.134694778454675,-0.143212036586761,-5.05169550180173e-07,0.000504275651864546,0.000504275651870091,0.000288926458177772,4.04079095576403e-09,NaN,2.25512790679932,NaN,NaN,0,NaN,NaN,NaN,NaN,NaN,NaN,NaN,NaN,post_observe,,,,,,NaN,NaN,NaN,NaN,NaN,NaN,NaN,NaN,NaN,NaN,NaN,NaN,NaN,unstable
1,10.681373,-0.13469474167382,-0.143212028934852,-5.05147617985425e-07,0.00050425371932783,0.000504253719333374,0.000288913891966073,4.04079732257963e-09,NaN,NaN,NaN,NaN,0,NaN,NaN,NaN,NaN,NaN,NaN,NaN,NaN,post_observe,,,,,,NaN,NaN,NaN,NaN,NaN,NaN,NaN,NaN,NaN,NaN,NaN,NaN,NaN,unstable
1,10.91608,-0.134694717912949,-0.143212023991786,-6.10340284691899e-07,0.000609447758664534,0.000609447758674479,0.000349184850734253,4.03667632612386e-09,NaN,2.25512790679932,NaN,NaN,0,NaN,NaN,NaN,NaN,NaN,NaN,NaN,NaN,post_observe,,,,,,NaN,NaN,NaN,NaN,NaN,NaN,NaN,NaN,NaN,NaN,NaN,NaN,NaN,unstable
1,11.153108,-0.134694694862868,-0.143212019194358,-8.93658433641837e-10,-0.000609460674729048,0.000609460697502731,2.76871030688004e-09,4.60567164644618e-10,NaN,NaN,NaN,NaN,0,NaN,NaN,NaN,NaN,NaN,NaN,NaN,NaN,post_observe,,,,,,NaN,NaN,NaN,NaN,NaN,NaN,NaN,NaN,NaN,NaN,NaN,NaN,NaN,unstable
2,0.000164,-2.26790149811052e-08,1.31959160935793e-08,4.40593211602969e-07,0.00296028226764433,0.00296028226766459,0.000176839947530511,2.30595691266431e-05,NaN,NaN,0,0,0,NaN,NaN,NaN,NaN,NaN,NaN,NaN,0,track,takeoff,low,misaligned,unstable,caution,0,0,0,3.36837995296211e-06,4.39229888126535e-07,0,0,0,0,0,0,0,0.5,stable
2,0.279355,-2.34242455542083e-08,1.36533947338625e-08,7.25901073567529e-07,0.00230975915374112,0.00230975915377654,0.000288024595596901,3.1605928042748e-05,NaN,NaN,0,0,0,NaN,NaN,NaN,NaN,NaN,NaN,NaN,0,track,takeoff,low,misaligned,unstable,caution,0,0,0,5.48618277327431e-06,6.02017677004724e-07,0,0,0,0,0,0,0,0.5,stable
2,0.526463,2.68458719912446e-05,0.000255426164512995,0.0964233536238037,0.838592345202745,0.83860531897937,0.0964284088846006,0.0101457807402072,NaN,NaN,0,0,2,NaN,NaN,NaN,NaN,NaN,NaN,NaN,0,track,takeoff,low,misaligned,unstable,caution,0,0,0,0.00183673159780192,0.000193252966480136,0,0,0,0,0,0,0,0.5,stable
2,0.771096,0.00016877070424457,0.00160437340387435,0.354983084260769,1.24589087826434,1.24592777487513,0.0814979789848773,0.00857514359599596,NaN,NaN,0,0,2,NaN,NaN,NaN,NaN,NaN,NaN,NaN,0,track,takeoff,low,misaligned,unstable,caution,0,0,0,0.00155234245685481,0.000163336068495161,0,0,0,0,0,0,0,0.5,stable
2,1.010017,0.000401507115243257,0.00381639254141248,0.672797974248621,1.39619808950983,1.39624801168957,0.0485959723945023,0.00511327848351635,NaN,NaN,0,0,2,NaN,NaN,NaN,NaN,NaN,NaN,NaN,0,track,takeoff,low,misaligned,unstable,caution,0,0,0,0.000925637569419091,9.73957806384066e-05,0,0,0,0,0,0,0,0.5,stable
2,1.251016,0.000688906802608465,0.00654792599083632,1.01785436572341,1.47203964496696,1.47209510525871,0.0249757275561395,0.00262796653174834,NaN,0,0,0,2,NaN,NaN,NaN,NaN,NaN,NaN,NaN,0,track,takeoff,low,misaligned,unstable,caution,0,0,0,0.000475728143926466,5.00565053666351e-05,0,0,0,0,0,0,0,0.5,stable
2,1.49275,0.0010076985788911,0.00957780628247272,1.37792534023502,1.49859968864453,1.49865758019892,0.011630688683663,0.00122379544837024,0.180845470934177,NaN,0,0,2,NaN,NaN,NaN,NaN,NaN,NaN,NaN,0,track,takeoff,low,aligned,unstable,caution,0,0,0,0.000221536927307867,2.33103894927664e-05,0.0203276634216309,-0.179699389139811,0,0,0,1,0,0.5,stable
2,1.730179,0.00132851250441942,0.0126268997578391,1.73030910342218,1.50911715029659,1.50917600740093,0.00521264530279971,0.000548482648480381,0.180845470934177,NaN,0,0,2,NaN,NaN,NaN,NaN,NaN,NaN,NaN,0,track,takeoff,low,aligned,unstable,caution,0,0,0,9.92884819580897e-05,1.04472885424835e-05,0.0203276634216309,-0.179699389139811,0,0,0,1,0,0.5,stable
2,1.982184,0.00168131414260727,0.0159800093225049,2.1130177938844,1.51364154659766,1.51370079886559,0.00206407609848569,0.000217185933237531,0.180845470934177,NaN,0,0,2,NaN,NaN,NaN,NaN,NaN,NaN,NaN,0,track,takeoff,low,aligned,unstable,caution,0,0,0,3.93157352092512e-05,4.13687491881012e-06,0.0203276634216309,-0.179699389139811,0,0,0,1,0,0.5,stable
2,2.225358,0.0020128642840444,0.0191311384987062,2.47080117626498,1.50547804294004,1.50553780622446,0.000825431970364831,8.68537259180726e-05,0.211119737839485,NaN,0,0,2,NaN,NaN,NaN,NaN,NaN,NaN,NaN,0,track,takeoff,low,aligned,unstable,caution,0,0,0,1.57225137212349e-05,1.65435668415376e-06,0.0171874046325684,-0.210418955485026,0,0,0,1,0,0.5,stable
2,2.457802,0.00233442972347266,0.0221873703614115,2.7452505565682,0.868583802854292,0.868663751295009,0.0600602263709257,0.00631931543266349,0.211119737839485,0,0,0,1,NaN,NaN,NaN,NaN,NaN,NaN,NaN,0,land_by_threshold_no_model,landing_observe,low,aligned,unstable,caution,0,0,0,0.00114400431182716,0.000120367913003114,0.0171874046325684,-0.210418955485026,0,0,0,1,0,0.5,stable
2,2.692265,0.00261976314697989,0.024899373399297,2.88607687607115,0.330270648601049,0.330372504776417,0.117376624953249,0.0123499313815276,0.213631267698331,NaN,3.11039683898561,-96.3727154222198,3,NaN,NaN,NaN,NaN,NaN,NaN,NaN,0,track,landing_observe,high,aligned,unstable,unsafe,0,1,-0.535403974567888,0.00223574523720474,0.000235236788219573,0.0218790054321289,-0.21250794728597,0,0,1,1,0,0,stable
2,2.936096,0.00209861366523394,0.0203402624916785,2.92084454950276,-0.0174006854924608,0.0506006981190721,0.105998399043958,0.0111527610601744,0.213631267698331,NaN,3.11039683898561,-96.3727154222198,3,NaN,NaN,NaN,NaN,NaN,NaN,NaN,0,track,landing_observe,high,aligned,unstable,unsafe,0,1,-0.535403974567888,0.00201901712464682,0.000212433544003321,0.0218790054321289,-0.21250794728597,0,0,1,1,0,0,stable
2,3.176818,0.000199261737061991,0.00338599473855416,2.89329813174162,-0.209121193753739,0.231733232917377,0.0722394288520596,0.0076007717825008,0.213631267698331,NaN,3.11039683898561,-96.3727154222198,3,NaN,NaN,NaN,NaN,NaN,NaN,NaN,0,track,landing_observe,high,aligned,unstable,unsafe,0,1,-0.535403974567888,0.00137598912099161,0.000144776605380968,0.0218790054321289,-0.21250794728597,0,0,1,1,0,0,stable
2,3.411451,-0.00314705460271285,-0.0265604399068545,2.82849128528805,-0.325262142845989,0.359258835680709,0.0384416526241241,0.00404469484966419,NaN,NaN,3.11039683898561,-96.3727154222198,3,NaN,NaN,NaN,NaN,NaN,NaN,NaN,0,track,landing_observe,high,misaligned,unstable,unsafe,0,1,-0.535403974567888,0.000732221954745221,7.70418066602702e-05,0,0,0,0,1,0,0,0,stable
2,3.645691,-0.00773847491923815,-0.0676734380006657,2.62461891154278,-1.95646578426985,1.96689874604752,0.0125376554585412,0.00131917001560038,NaN,NaN,3.2317454009922,-96.1844587829966,0,NaN,NaN,NaN,NaN,NaN,NaN,NaN,0,track,landing_observe,high,misaligned,unstable,unsafe,0,1,-0.534358104349981,0.000238812484924594,2.51270479161976e-05,0,0,0,0,1,0,0,0,stable
2,3.885527,-0.0137846631200308,-0.122004899326004,1.88577326323126,-4.29856071321552,4.30618152127145,0.0134661908878514,0.00141686093845485,NaN,NaN,3.2317454009922,-96.1844587829966,0,NaN,NaN,NaN,NaN,NaN,NaN,NaN,0,track,landing_observe,high,misaligned,unstable,unsafe,0,1,-0.534358104349981,0.000256498874054312,2.698782739914e-05,0,0,0,0,1,0,0,0,stable
2,4.119905,-0.0209869388675143,-0.187041925539551,0.621910356127514,-6.59161043333748,6.59893234234083,0.038819941133763,0.00408449084218491,NaN,NaN,3.2317454009922,-96.1844587829966,0,NaN,NaN,NaN,NaN,NaN,NaN,NaN,0,track,landing_observe,high,misaligned,unstable,unsafe,0,1,-0.534358104349981,0.000739427450166914,7.77998255654268e-05,0,0,0,0,1,0,0,0,stable
2,4.358841,-0.0241458640914996,-0.21529624255027,1.44641804203884e-05,-0.00385640690058314,0.00385861301377559,0.00147119638408225,0.00637528119157007,NaN,NaN,3.2317454009922,-96.1844587829966,0,NaN,NaN,NaN,NaN,NaN,NaN,NaN,0,track,landing_observe,high,misaligned,unstable,unsafe,0,1,-0.534358104349981,2.80227882682334e-05,0.000121433927458478,0,0,0,0,1,0,0,0,stable
2,4.592926,-0.0241449366997277,-0.215296477632927,-1.86916173342983e-06,-0.00267497554288133,0.0026749755430404,0.000730416125352634,7.55610770947838e-05,NaN,NaN,3.19650754940724,-99.3180619581005,0,NaN,NaN,NaN,NaN,NaN,NaN,NaN,0,track,landing_observe,high,misaligned,unstable,unsafe,0,1,-0.551767010878336,1.39126881019549e-05,1.43925861132922e-06,0,0,0,0,1,0,0,0,stable
2,4.83241,-0.0241449815230645,-0.215296444199497,-2.23438568594078e-06,0.00296029013441484,0.00296029029229655,0.000873203660055116,9.03324687789119e-05,NaN,NaN,3.19650754940724,-99.3180619581005,0,NaN,NaN,NaN,NaN,NaN,NaN,NaN,0,track,landing_observe,high,misaligned,unstable,unsafe,0,1,-0.551767010878336,1.66324506677165e-05,1.72061845293166e-06,0,0,0,0,1,0,0,0,stable
2,5.062165,-0.0241450270765519,-0.215296410120645,-1.86916177703169e-06,0.0023097516615273,0.00230975166158635,0.000730416142399175,7.55610788575639e-05,NaN,3.19650745391846,3.19650754940724,-99.3180619581005,0,NaN,NaN,NaN,NaN,NaN,NaN,NaN,0,track,landing_observe,high,misaligned,unstable,unsafe,0,1,-0.551767010878336,1.39126884266509e-05,1.43925864490598e-06,0,0,0,0,1,0,0,0,stable
2,5.300915,-0.0241450726623347,-0.215296376082793,7.25904292348427e-07,-0.00259506605544382,0.00259506605558825,0.000288025867715972,3.16060802036713e-05,NaN,NaN,3.19650754940724,-99.3180619581005,0,NaN,NaN,NaN,NaN,NaN,NaN,NaN,0,track,landing_observe,high,misaligned,unstable,unsafe,0,1,-0.551767010878336,5.48620700411376e-06,6.02020575308026e-07,0,0,0,0,1,0,0,0,stable
2,5.390771,-0.0241450819418544,-0.215296369185857,-2.23438568595597e-06,0.00230975166156077,0.00230975166161982,0.000873203660062492,9.03324687800461e-05,NaN,NaN,NaN,NaN,0,NaN,NaN,NaN,NaN,NaN,NaN,NaN,NaN,post_observe,,,,,,NaN,NaN,NaN,NaN,NaN,NaN,NaN,NaN,NaN,NaN,NaN,NaN,NaN,stable
2,5.630383,-0.024145129061507,-0.215296333987153,-2.23438568595444e-06,0.00296029013440632,0.0029602902922885,0.00087320366006217,9.03324687794152e-05,NaN,NaN,NaN,NaN,0,NaN,NaN,NaN,NaN,NaN,NaN,NaN,NaN,post_observe,,,,,,NaN,NaN,NaN,NaN,NaN,NaN,NaN,NaN,NaN,NaN,NaN,NaN,NaN,stable
2,5.863274,-0.0241451753875773,-0.215296299331281,-1.86916177703766e-06,0.0023097516615472,0.00230975166160625,0.000730416142400851,7.55610788587514e-05,NaN,NaN,NaN,NaN,0,NaN,NaN,NaN,NaN,NaN,NaN,NaN,NaN,post_observe,,,,,,NaN,NaN,NaN,NaN,NaN,NaN,NaN,NaN,NaN,NaN,NaN,NaN,NaN,stable
2,6.102472,-0.0241452202029024,-0.215296265883487,4.40589875829387e-07,-0.00267497554398527,0.00267497554414434,0.000176838611375457,2.30593948904887e-05,NaN,NaN,NaN,NaN,0,NaN,NaN,NaN,NaN,NaN,NaN,NaN,NaN,post_observe,,,,,,NaN,NaN,NaN,NaN,NaN,NaN,NaN,NaN,NaN,NaN,NaN,NaN,NaN,stable
2,6.341307,-0.0241452665372709,-0.215296231241998,-1.86916177704971e-06,0.00230975166156703,0.00230975166162608,0.000730416142406281,7.5561078859034e-05,NaN,NaN,NaN,NaN,0,NaN,NaN,NaN,NaN,NaN,NaN,NaN,NaN,post_observe,,,,,,NaN,NaN,NaN,NaN,NaN,NaN,NaN,NaN,NaN,NaN,NaN,NaN,NaN,stable
2,6.581092,-0.0241453128846338,-0.215296196620332,-1.86916177704641e-06,0.002309751661546,0.00230975166160505,0.000730416142404466,7.55610788589924e-05,NaN,NaN,NaN,NaN,0,NaN,NaN,NaN,NaN,NaN,NaN,NaN,NaN,post_observe,,,,,,NaN,NaN,NaN,NaN,NaN,NaN,NaN,NaN,NaN,NaN,NaN,NaN,NaN,stable
2,6.80917,-0.0241453584725345,-0.215296162595517,4.40589875847912e-07,-0.00267497554398275,0.00267497554414182,0.000176838611382588,2.30593948901879e-05,NaN,3.19650745391846,NaN,NaN,0,NaN,NaN,NaN,NaN,NaN,NaN,NaN,NaN,post_observe,,,,,,NaN,NaN,NaN,NaN,NaN,NaN,NaN,NaN,NaN,NaN,NaN,NaN,NaN,stable
2,7.048021,-0.0241454025108233,-0.215296129719317,-2.23438568594963e-06,0.00296029013440183,0.00296029029228487,0.000873203660060258,9.03324687789901e-05,NaN,NaN,NaN,NaN,0,NaN,NaN,NaN,NaN,NaN,NaN,NaN,NaN,post_observe,,,,,,NaN,NaN,NaN,NaN,NaN,NaN,NaN,NaN,NaN,NaN,NaN,NaN,NaN,stable
2,7.28255,-0.0241454488500898,-0.21529609508328,4.40589875829164e-07,-0.00267497554398092,0.00267497554413999,0.00017683861137643,2.30593948902427e-05,NaN,NaN,NaN,NaN,0,NaN,NaN,NaN,NaN,NaN,NaN,NaN,NaN,post_observe,,,,,,NaN,NaN,NaN,NaN,NaN,NaN,NaN,NaN,NaN,NaN,NaN,NaN,NaN,stable
2,7.510287,-0.024145493660914,-0.215296061630055,-2.2343856859504e-06,0.00296029013439905,0.00296029029228238,0.00087320366005884,9.0332468779233e-05,NaN,3.19650745391846,NaN,NaN,0,NaN,NaN,NaN,NaN,NaN,NaN,NaN,NaN,post_observe,,,,,,NaN,NaN,NaN,NaN,NaN,NaN,NaN,NaN,NaN,NaN,NaN,NaN,NaN,stable
2,7.748885,-0.0241455376699282,-0.215296028705284,-1.86916177703642e-06,-0.00267497554399162,0.00267497554415069,0.000730416142401148,7.55610788574437e-05,NaN,NaN,NaN,NaN,0,NaN,NaN,NaN,NaN,NaN,NaN,NaN,NaN,post_observe,,,,,,NaN,NaN,NaN,NaN,NaN,NaN,NaN,NaN,NaN,NaN,NaN,NaN,NaN,stable
2,7.987334,-0.024145584017532,-0.215295994083632,-1.86916177703875e-06,0.00230975166152207,0.00230975166158112,0.000730416142402044,7.55610788580045e-05,NaN,NaN,NaN,NaN,0,NaN,NaN,NaN,NaN,NaN,NaN,NaN,NaN,post_observe,,,,,,NaN,NaN,NaN,NaN,NaN,NaN,NaN,NaN,NaN,NaN,NaN,NaN,NaN,stable
2,8.225785,-0.0241456296138875,-0.215295960073208,-2.23438568594842e-06,0.00296029013439945,0.00296029029228321,0.000873203660058625,9.03324687803033e-05,NaN,NaN,NaN,NaN,0,NaN,NaN,NaN,NaN,NaN,NaN,NaN,NaN,post_observe,,,,,,NaN,NaN,NaN,NaN,NaN,NaN,NaN,NaN,NaN,NaN,NaN,NaN,NaN,stable
2,8.465414,-0.0241456759404014,-0.215295925417362,-1.86916177704358e-06,0.00230975166153335,0.00230975166159241,0.000730416142404087,7.55610788588463e-05,NaN,NaN,NaN,NaN,0,NaN,NaN,NaN,NaN,NaN,NaN,NaN,NaN,post_observe,,,,,,NaN,NaN,NaN,NaN,NaN,NaN,NaN,NaN,NaN,NaN,NaN,NaN,NaN,stable
2,8.699909,-0.0241457223010826,-0.215295890815539,4.40589875830485e-07,0.00230975166153072,0.00230975166158978,0.000176838611374813,2.30593948885713e-05,NaN,NaN,NaN,NaN,0,NaN,NaN,NaN,NaN,NaN,NaN,NaN,NaN,post_observe,,,,,,NaN,NaN,NaN,NaN,NaN,NaN,NaN,NaN,NaN,NaN,NaN,NaN,NaN,stable
3,9.4e-05,-2.22866268007085e-08,1.29665020399943e-08,7.25901073550132e-07,0.00230975915377867,0.0023097591538141,0.000288024595590874,3.16059280417462e-05,NaN,NaN,0,0,0,NaN,NaN,NaN,NaN,NaN,NaN,NaN,0,track,takeoff,low,misaligned,unstable,caution,0,0,0,5.48618277315951e-06,6.02017676985642e-07,0,0,0,0,0,0,0,0.5,unstable
3,0.276294,-2.30299824688824e-08,1.34078297970069e-08,4.40593211588359e-07,-0.00267497423420168,0.0026749742344008,0.000176839947524446,2.30595691264828e-05,NaN,0,0,0,0,NaN,NaN,NaN,NaN,NaN,NaN,NaN,0,track,takeoff,low,misaligned,unstable,caution,0,0,0,3.3683799528466e-06,4.39229888123481e-07,0,0,0,0,0,0,0,0.5,unstable
3,0.517541,2.8465920306539e-05,-0.00026399387596393,0.0962816223353292,0.838151324994658,0.838165171203221,0.0995167909449403,0.0107434241311644,NaN,NaN,0,0,2,NaN,NaN,NaN,NaN,NaN,NaN,NaN,0,track,takeoff,low,misaligned,unstable,caution,0,0,0,0.00189555792276077,0.000204636650117416,0,0,0,0,0,0,0,0.5,unstable
3,0.768387,0.000184868233267121,-0.00171291490224601,0.363450095579586,1.24196024539266,1.24200024028458,0.083082534551071,0.00897009381084623,NaN,NaN,0,0,2,NaN,NaN,NaN,NaN,NaN,NaN,NaN,0,track,takeoff,low,misaligned,unstable,caution,0,0,0,0.00158252446763945,0.000170858929730404,0,0,0,0,0,0,0,0.5,unstable
3,1.009145,0.000433555949038519,-0.00401659230907441,0.682356975708445,1.40920456298908,1.40925780519943,0.0492496476606968,0.00531744484840501,NaN,NaN,0,0,2,NaN,NaN,NaN,NaN,NaN,NaN,NaN,0,track,takeoff,low,misaligned,unstable,caution,0,0,0,0.000938088526870415,0.000101284663779143,0,0,0,0,0,0,0,0.5,unstable
3,1.245685,0.000733706865002408,-0.00679691371724783,1.02199526668374,1.47234381114093,1.47240295490889,0.0255344016298178,0.00275697202164912,NaN,NaN,0,0,2,NaN,NaN,NaN,NaN,NaN,NaN,NaN,0,track,takeoff,low,misaligned,unstable,caution,0,0,0,0.000486369554853673,5.25137527933167e-05,0,0,0,0,0,0,0,0.5,unstable
3,1.484837,0.00106584640525632,-0.00987351138205627,1.37617906852159,1.4886528063191,1.48871487146355,0.0120369254680012,0.00129965163857105,0.177679982877893,0,0,0,2,NaN,NaN,NaN,NaN,NaN,NaN,NaN,0,track,takeoff,low,aligned,unstable,caution,0,0,0,0.00022927477081907,2.47552693061152e-05,-0.00467491149902344,-0.177618471781413,0,0,0,1,0,0.5,unstable
3,1.726832,0.00141577162259213,-0.0131148394561712,1.7390741462432,1.50927652599423,1.50933927004436,0.0052640243894849,0.000568372507195776,0.177679982877893,NaN,0,0,2,NaN,NaN,NaN,NaN,NaN,NaN,NaN,0,track,takeoff,low,aligned,unstable,caution,0,0,0,0.000100267131228284,1.08261429942052e-05,-0.00467491149902344,-0.177618471781413,0,0,0,1,0,0.5,unstable
3,1.971518,0.00177469197387133,-0.0164394805626575,2.10672264295678,1.5037751068177,1.50383865630973,0.00216129337003856,0.000233363160768935,0.177679982877893,NaN,0,0,2,NaN,NaN,NaN,NaN,NaN,NaN,NaN,0,track,takeoff,low,aligned,unstable,caution,0,0,0,4.11674927626392e-05,4.44501258607495e-06,-0.00467491149902344,-0.177618471781413,0,0,0,1,0,0.5,unstable
3,2.210525,0.00212640802253853,-0.019697385704318,2.43206581690515,1.04355515861256,1.04363626105888,0.0305984167221608,0.00330332305072108,NaN,NaN,0,0,1,NaN,NaN,NaN,NaN,NaN,NaN,NaN,0,track,hover_settle,low,misaligned,unstable,caution,0,0,0,0.000582826985184016,6.2920439061354e-05,0,0,0,0,0,0,0,0.5,unstable
3,2.451217,0.00245073773211338,-0.0227033757067748,2.6233454770167,0.578814448913838,0.578913421915992,0.121901595744689,0.0131474014928123,NaN,NaN,1.83409682856566,-98.5444006503888,1,NaN,NaN,NaN,NaN,NaN,NaN,NaN,0,track,hover_settle,medium,misaligned,unstable,caution,0,0.611365609521885,-0.54746889250216,0.0023219351570417,0.000250426695101186,0,0,0,0,0.5,0,0,0.5,unstable
3,2.691564,0.00217047261601443,-0.0280788408644833,2.72869487826223,0.313614356388743,0.314933561342587,0.481384870077097,0.0385539486362257,0.216629862971346,1.91989815235138,1.91989815476232,-100.63237782496,1,NaN,NaN,NaN,NaN,NaN,NaN,NaN,0,land_by_threshold_no_model,landing_observe,medium,aligned,unstable,caution,0,0.639966050783793,-0.559068765694221,0.00916923562051613,0.000734360926404299,-0.0296961784362793,-0.214584795633952,0,0,0.5,1,0,0.5,unstable
3,2.931058,0.0010323725814501,-0.0363942738036024,2.76762348581174,0.00537812289977284,0.0389665465964438,0.755661523888104,0.0960169158919627,0.216629862971346,NaN,1.91989815476232,-100.63237782496,3,NaN,NaN,NaN,NaN,NaN,NaN,NaN,0,track,landing_observe,medium,aligned,unstable,caution,0,0.63996605158744,-0.559068765694221,0.0143935528359639,0.00182889363603739,-0.0296961784362793,-0.214584795633952,0,0,0.5,1,0,0.5,unstable
3,3.163736,-0.000685203215997592,-0.0457875764475935,2.74378646479014,-0.196625657055018,0.201663864005959,0.654602925393859,0.0922983071130498,0.216629862971346,NaN,1.91989815476232,-100.63237782496,3,NaN,NaN,NaN,NaN,NaN,NaN,NaN,0,track,landing_observe,medium,aligned,unstable,caution,0,0.63996605158744,-0.559068765694221,0.0124686271503592,0.00175806299262952,-0.0296961784362793,-0.214584795633952,0,0,0.5,1,0,0.5,unstable
3,3.403721,-0.00296376857852413,-0.0566970928127938,2.68152505407586,-0.317419774980792,0.322123549432476,0.430244571229127,0.0647542573558946,NaN,NaN,1.91989815476232,-100.63237782496,3,NaN,NaN,NaN,NaN,NaN,NaN,NaN,0,track,landing_observe,medium,misaligned,unstable,caution,0,0.63996605158744,-0.559068765694221,0.00819513469007862,0.00123341442582656,0,0,0,0,0.5,0,0,0.5,unstable
3,3.643669,-0.00602143145390814,-0.0709306666969463,2.59627228340046,-0.388726517138234,0.395398226984459,0.221358463525694,0.0357082509973371,NaN,NaN,1.8037561522348,-98.351997255877,3,NaN,NaN,NaN,NaN,NaN,NaN,NaN,0,track,landing_observe,medium,misaligned,unstable,caution,0,0.601252050744932,-0.546399984754872,0.0042163516862037,0.00068015716185404,0,0,0,0,0.5,0,0,0.5,unstable
3,3.884975,-0.0099933316961346,-0.0905187099621886,2.37316850146907,-2.02159556786819,2.02406089874988,0.0618312144468515,0.0122289674957053,NaN,NaN,1.8037561522348,-98.351997255877,0,NaN,NaN,NaN,NaN,NaN,NaN,NaN,0,track,landing_observe,medium,misaligned,unstable,caution,0,0.601252050744932,-0.546399984754872,0.00117773741803527,0.00023293271420391,0,0,0,0,0.5,0,0,0.5,unstable
3,4.1259,-0.0149563318970482,-0.116900546028754,1.61630482498881,-4.36410516599377,4.36574405322187,0.0929986376091232,0.010645752788167,NaN,NaN,1.8037561522348,-98.351997255877,0,NaN,NaN,NaN,NaN,NaN,NaN,NaN,0,track,landing_observe,medium,misaligned,unstable,caution,0,0.601252050744932,-0.546399984754872,0.00177140262112616,0.000202776243584134,0,0,0,0,0.5,0,0,0.5,unstable
3,4.365032,-0.02091403461036,-0.150088699721349,0.301637847160538,-6.71652175992003,6.71771530659282,0.247183387990956,0.0334250850486893,NaN,NaN,1.8037561522348,-98.351997255877,0,NaN,NaN,NaN,NaN,NaN,NaN,NaN,0,track,landing_observe,medium,misaligned,unstable,caution,0,0.601252050744932,-0.546399984754872,0.00470825500935154,0.000636668286641701,0,0,0,0,0.5,0,0,0.5,unstable
3,4.604067,0.00981770109548385,-0.154717184437488,0.118345008023506,0.134124881473812,0.309817996098337,1.43361156528092,34.8321830943108,NaN,NaN,1.84086419400012,-99.3799147353746,0,NaN,NaN,NaN,NaN,NaN,NaN,NaN,0,track,landing_observe,medium,misaligned,unstable,caution,0,0.61362139800004,-0.552110637418748,0.0273068869577317,0.663470154177348,0,0,0,0,0.5,0,0,0.5,unstable
3,4.844142,-0.00447657627159009,-0.150170470675514,0.0835380569995887,-0.482243618447736,0.673029902615388,0.68968724309282,26.9410591667153,NaN,NaN,1.84086419400012,-99.3799147353746,0,NaN,NaN,NaN,NaN,NaN,NaN,NaN,0,track,landing_observe,medium,misaligned,unstable,caution,0,0.61362139800004,-0.552110637418748,0.0131368998684347,0.513163031746958,0,0,0,0,0.5,0,0,0.5,unstable
3,5.083303,-0.026186962541456,-0.152540181759614,0.0415896487390024,0.147637645021845,0.160648947089984,5.80335473350045,10.317817370963,NaN,NaN,1.84086419400012,-99.3799147353746,0,NaN,NaN,NaN,NaN,NaN,NaN,NaN,0,track,landing_observe,medium,misaligned,unstable,caution,0,0.61362139800004,-0.552110637418748,0.110540090161913,0.196529854685009,0,0,0,0,0.5,0,0,0.5,unstable
3,5.323632,-0.020723044845187,-0.153308555539067,0.00791052736047316,0.10883221467446,0.109236873556785,2.03452849575943,0.983367041630793,NaN,NaN,1.84086419400012,-99.3799147353746,0,NaN,NaN,NaN,NaN,NaN,NaN,NaN,0,track,landing_observe,medium,misaligned,unstable,caution,0,0.61362139800004,-0.552110637418748,0.0387529237287511,0.0187308007929675,0,0,0,0,0.5,0,0,0.5,unstable
3,5.562721,-0.0207235544529527,-0.152962280074598,0.00335599336083051,0.0914227598782394,0.0916501943950785,0.430005285137677,0.852470137621003,NaN,NaN,1.86220270570232,-96.5858036642725,0,NaN,NaN,NaN,NaN,NaN,NaN,NaN,0,track,landing_observe,medium,misaligned,unstable,caution,0,0.620734235234106,-0.536587798134847,0.00819057685976528,0.0162375264308762,0,0,0,0,0.5,0,0,0.5,unstable
3,5.648517,-0.0208429554367383,-0.153093593924599,0.00786068933924114,0.02527245166513,0.025408803236445,0.44384207708477,2.45551378581903,NaN,NaN,NaN,NaN,0,NaN,NaN,NaN,NaN,NaN,NaN,NaN,NaN,post_observe,,,,,,NaN,NaN,NaN,NaN,NaN,NaN,NaN,NaN,NaN,NaN,NaN,NaN,NaN,unstable
3,5.881909,-0.0206475628553982,-0.153255218498315,-2.37618589225683e-06,0.00168508541313264,0.00168508541327026,0.000370856013533373,0.000761606075996626,NaN,NaN,NaN,NaN,0,NaN,NaN,NaN,NaN,NaN,NaN,NaN,NaN,post_observe,,,,,,NaN,NaN,NaN,NaN,NaN,NaN,NaN,NaN,NaN,NaN,NaN,NaN,NaN,unstable
3,6.120471,-0.0206475668565555,-0.153255214606945,-2.23438377202588e-06,0.00296028689662517,0.00296028693927254,0.000873202911796226,9.0332391373168e-05,NaN,NaN,NaN,NaN,0,NaN,NaN,NaN,NaN,NaN,NaN,NaN,NaN,post_observe,,,,,,NaN,NaN,NaN,NaN,NaN,NaN,NaN,NaN,NaN,NaN,NaN,NaN,NaN,unstable
3,6.354882,-0.0206475883061657,-0.153255194742878,7.25902969554199e-07,-0.00259506643988906,0.00259506644002197,0.000288025344962447,3.16060167733376e-05,NaN,NaN,NaN,NaN,0,NaN,NaN,NaN,NaN,NaN,NaN,NaN,NaN,post_observe,,,,,,NaN,NaN,NaN,NaN,NaN,NaN,NaN,NaN,NaN,NaN,NaN,NaN,NaN,unstable
3,6.589558,-0.020647609380282,-0.153255175223733,7.25902969548377e-07,0.00296028689659945,0.00296028693924687,0.000288025344959819,3.16060167721138e-05,NaN,NaN,NaN,NaN,0,NaN,NaN,NaN,NaN,NaN,NaN,NaN,NaN,post_observe,,,,,,NaN,NaN,NaN,NaN,NaN,NaN,NaN,NaN,NaN,NaN,NaN,NaN,NaN,unstable
3,6.817864,-0.0206476297304315,-0.153255156358696,-1.86916348425248e-06,-0.0025950664398903,0.00259506644002321,0.000730416809851732,7.55611479019402e-05,NaN,NaN,NaN,NaN,0,NaN,NaN,NaN,NaN,NaN,NaN,NaN,NaN,post_observe,,,,,,NaN,NaN,NaN,NaN,NaN,NaN,NaN,NaN,NaN,NaN,NaN,NaN,NaN,unstable
3,7.05635,-0.0206476504569876,-0.153255137177938,7.2590296954705e-07,-0.00259506643990667,0.00259506644003957,0.000288025344958902,3.16060167719247e-05,NaN,NaN,NaN,NaN,0,NaN,NaN,NaN,NaN,NaN,NaN,NaN,NaN,post_observe,,,,,,NaN,NaN,NaN,NaN,NaN,NaN,NaN,NaN,NaN,NaN,NaN,NaN,NaN,unstable
3,7.295409,-0.0206476715100944,-0.153255117662581,4.4059124945168e-07,-0.00267497500361076,0.00267497500379333,0.00017683916161292,2.30594664872169e-05,NaN,NaN,NaN,NaN,0,NaN,NaN,NaN,NaN,NaN,NaN,NaN,NaN,post_observe,,,,,,NaN,NaN,NaN,NaN,NaN,NaN,NaN,NaN,NaN,NaN,NaN,NaN,NaN,unstable
3,7.533635,-0.0206476929528991,-0.153255097801247,-1.86916348426474e-06,0.00230975474235372,0.00230975474239481,0.000730416809857098,7.55611479025325e-05,NaN,NaN,NaN,NaN,0,NaN,NaN,NaN,NaN,NaN,NaN,NaN,NaN,post_observe,,,,,,NaN,NaN,NaN,NaN,NaN,NaN,NaN,NaN,NaN,NaN,NaN,NaN,NaN,unstable
3,7.767969,-0.0206477143842712,-0.153255077951263,-1.86916348425731e-06,0.00230975474235019,0.00230975474239127,0.000730416809855417,7.55611479024994e-05,NaN,NaN,NaN,NaN,0,NaN,NaN,NaN,NaN,NaN,NaN,NaN,NaN,post_observe,,,,,,NaN,NaN,NaN,NaN,NaN,NaN,NaN,NaN,NaN,NaN,NaN,NaN,NaN,unstable
3,8.00657,-0.0206477351012774,-0.153255058762943,-1.86916348427044e-06,0.00230975474235422,0.0023097547423953,0.000730416809858793,7.55611479034502e-05,NaN,NaN,NaN,NaN,0,NaN,NaN,NaN,NaN,NaN,NaN,NaN,NaN,post_observe,,,,,,NaN,NaN,NaN,NaN,NaN,NaN,NaN,NaN,NaN,NaN,NaN,NaN,NaN,unstable
3,8.245418,-0.0206477565422794,-0.153255038920513,7.25902969567207e-07,-0.00259506643989767,0.00259506644003058,0.000288025344964527,3.1606016774086e-05,NaN,NaN,NaN,NaN,0,NaN,NaN,NaN,NaN,NaN,NaN,NaN,NaN,post_observe,,,,,,NaN,NaN,NaN,NaN,NaN,NaN,NaN,NaN,NaN,NaN,NaN,NaN,NaN,unstable
3,8.484321,-0.0206477775981833,-0.153255019415448,-2.23438377201392e-06,0.00296028689662803,0.00296028693927566,0.000873202911790552,9.03323913729444e-05,NaN,NaN,NaN,NaN,0,NaN,NaN,NaN,NaN,NaN,NaN,NaN,NaN,post_observe,,,,,,NaN,NaN,NaN,NaN,NaN,NaN,NaN,NaN,NaN,NaN,NaN,NaN,NaN,unstable
3,8.719128,-0.0206477990268802,-0.153254999555163,4.40591249450125e-07,-0.00267497500360966,0.00267497500379223,0.000176839161612436,2.30594664856453e-05,NaN,NaN,NaN,NaN,0,NaN,NaN,NaN,NaN,NaN,NaN,NaN,NaN,post_observe,,,,,,NaN,NaN,NaN,NaN,NaN,NaN,NaN,NaN,NaN,NaN,NaN,NaN,NaN,unstable
3,8.95197,-0.020647819746669,-0.153254980377134,-2.23438377201402e-06,0.00296028689661643,0.00296028693926412,0.000873202911793337,9.03323913727295e-05,NaN,1.86220276355743,NaN,NaN,0,NaN,NaN,NaN,NaN,NaN,NaN,NaN,NaN,post_observe,,,,,,NaN,NaN,NaN,NaN,NaN,NaN,NaN,NaN,NaN,NaN,NaN,NaN,NaN,unstable
