지점,지점명,일시,풍향(deg),풍속(m/s)
108,서울,2026-03-08 00:01,232.3,2.2
108,서울,2026-03-08 00:02,237.4,1.9
108,서울,2026-03-08 00:03,252.1,2.2
108,서울,2026-03-08 00:04,255.2,3.2
108,서울,2026-03-08 00:05,257.8,3
108,서울,2026-03-08 00:06,262.3,3.2
108,서울,2026-03-08 00:07,265.9,3.7
108,서울,2026-03-08 00:08,262.1,3.1
108,서울,2026-03-08 00:09,259,3.1
108,서울,2026-03-08 00:10,253.5,2.7
108,서울,2026-03-08 00:11,266.8,1.6
108,서울,2026-03-08 00:12,251.5,2.6
108,서울,2026-03-08 00:13,265.3,2.6
108,서울,2026-03-08 00:14,245.9,2.6
108,서울,2026-03-08 00:15,248.8,2.7
108,서울,2026-03-08 00:16,231.8,1.8
108,서울,2026-03-08 00:17,243.9,1.6
108,서울,2026-03-08 00:18,237.7,2.1
108,서울,2026-03-08 00:19,241.1,2.2
108,서울,2026-03-08 00:20,253.5,1.7
108,서울,2026-03-08 00:21,266.4,2.7
108,서울,2026-03-08 00:22,240.5,2.1
108,서울,2026-03-08 00:23,247.7,2.9
108,서울,2026-03-08 00:24,252.2,2.6
108,서울,2026-03-08 00:25,248.3,2.3
108,서울,2026-03-08 00:26,244,2.7
108,서울,2026-03-08 00:27,255.6,2
108,서울,2026-03-08 00:28,263.5,2.8
108,서울,2026-03-08 00:29,257.7,3.3
108,서울,2026-03-08 00:30,244.4,2.6
108,서울,2026-03-08 00:31,258.5,2.3
108,서울,2026-03-08 00:32,260.7,2
108,서울,2026-03-08 00:33,236,2.2
108,서울,2026-03-08 00:34,241.1,1.5
108,서울,2026-03-08 00:35,212.3,1.7
108,서울,2026-03-08 00:36,225.5,.8
108,서울,2026-03-08 00:37,266.3,1
108,서울,2026-03-08 00:38,250.7,2.3
108,서울,2026-03-08 00:39,263.7,2.4
108,서울,2026-03-08 00:40,248.1,1.7
108,서울,2026-03-08 00:41,270.9,2.2
108,서울,2026-03-08 00:42,265.8,1.9
108,서울,2026-03-08 00:43,251.3,1.9
108,서울,2026-03-08 00:44,249.7,.9
108,서울,2026-03-08 00:45,234.2,1.4
108,서울,2026-03-08 00:46,247.7,2.5
108,서울,2026-03-08 00:47,256.7,2.2
108,서울,2026-03-08 00:48,257.9,1.6
108,서울,2026-03-08 00:49,264.2,1
108,서울,2026-03-08 00:50,264.6,1.1
108,서울,2026-03-08 00:51,295.5,.6
108,서울,2026-03-08 00:52,297.2,1
108,서울,2026-03-08 00:53,280.6,1
108,서울,2026-03-08 00:54,270,1
108,서울,2026-03-08 00:55,245,1
108,서울,2026-03-08 00:56,272.5,1.1
108,서울,2026-03-08 00:57,290.1,1.4
108,서울,2026-03-08 00:58,306.8,1.1
108,서울,2026-03-08 00:59,.9,1.1
108,서울,2026-03-08 01:00,36.5,.6
108,서울,2026-03-08 01:01,10,.5
108,서울,2026-03-08 01:02,72.9,.6
108,서울,2026-03-08 01:03,51.9,.8
108,서울,2026-03-08 01:04,78.9,.3
108,서울,2026-03-08 01:05,59.7,.4
108,서울,2026-03-08 01:06,337.6,.7
108,서울,2026-03-08 01:07,336,1.1
108,서울,2026-03-08 01:08,330.8,1.2
108,서울,2026-03-08 01:09,333.7,.8
108,서울,2026-03-08 01:10,314.1,1.3
108,서울,2026-03-08 01:11,292.5,1.4
108,서울,2026-03-08 01:12,281.9,1.3
108,서울,2026-03-08 01:13,265.4,1.6
108,서울,2026-03-08 01:14,257.5,1.4
108,서울,2026-03-08 01:15,254.6,.9
108,서울,2026-03-08 01:16,255.9,1.7
108,서울,2026-03-08 01:17,264.8,1.3
108,서울,2026-03-08 01:18,241,.9
108,서울,2026-03-08 01:19,247.4,1.6
108,서울,2026-03-08 01:20,243.1,1.6
108,서울,2026-03-08 01:21,264.9,2.2
108,서울,2026-03-08 01:22,286.2,2
108,서울,2026-03-08 01:23,287,2.5
108,서울,2026-03-08 01:24,290.9,3
108,서울,2026-03-08 01:25,296.9,2.4
108,서울,2026-03-08 01:26,279.4,1.5
108,서울,2026-03-08 01:27,287.8,2.3
108,서울,2026-03-08 01:28,314.9,2.5
108,서울,2026-03-08 01:29,309.8,1.9
108,서울,2026-03-08 01:30,317.3,2
108,서울,2026-03-08 01:31,298.6,1.7
108,서울,2026-03-08 01:32,148.8,1.5
108,서울,2026-03-08 01:33,282.7,1.1
108,서울,2026-03-08 01:34,100.1,1.2
108,서울,2026-03-08 01:35,49.8,.6
108,서울,2026-03-08 01:36,32.7,1.1
108,서울,2026-03-08 01:37,350.7,1.4
108,서울,2026-03-08 01:38,345,1.5
108,서울,2026-03-08 01:39,348,1.6
108,서울,2026-03-08 01:40,335.8,1.4
108,서울,2026-03-08 01:41,332.2,.9
108,서울,2026-03-08 01:42,21,1
108,서울,2026-03-08 01:43,320.2,1
108,서울,2026-03-08 01:44,344.8,.7
108,서울,2026-03-08 01:45,10.7,.8
108,서울,2026-03-08 01:46,357.2,.8
108,서울,2026-03-08 01:47,47.7,.8
108,서울,2026-03-08 01:48,341.9,.3
108,서울,2026-03-08 01:49,288,.4
108,서울,2026-03-08 01:50,272.9,.3
108,서울,2026-03-08 01:51,292.3,.4
108,서울,2026-03-08 01:52,270.6,.8
108,서울,2026-03-08 01:53,274.8,1
108,서울,2026-03-08 01:54,281.2,1.1
108,서울,2026-03-08 01:55,296.4,1.4
108,서울,2026-03-08 01:56,288.5,.8
108,서울,2026-03-08 01:57,288.7,.7
108,서울,2026-03-08 01:58,286.1,.8
108,서울,2026-03-08 01:59,307.4,.6
108,서울,2026-03-08 02:00,298,.6
108,서울,2026-03-08 02:01,306,.4
108,서울,2026-03-08 02:02,287.8,.3
108,서울,2026-03-08 02:03,309.2,.1
108,서울,2026-03-08 02:04,316.3,.1
108,서울,2026-03-08 02:05,314.3,.2
108,서울,2026-03-08 02:06,298.9,.2
108,서울,2026-03-08 02:07,314.6,.2
108,서울,2026-03-08 02:08,356,.1
108,서울,2026-03-08 02:09,348.5,.5
108,서울,2026-03-08 02:10,343.5,.5
108,서울,2026-03-08 02:11,333.5,.7
108,서울,2026-03-08 02:12,330.5,.7
108,서울,2026-03-08 02:13,334.2,.8
108,서울,2026-03-08 02:14,342.7,1
108,서울,2026-03-08 02:15,345.3,.9
108,서울,2026-03-08 02:16,347.7,.6
108,서울,2026-03-08 02:17,341,.8
108,서울,2026-03-08 02:18,1.8,1.4
108,서울,2026-03-08 02:19,349.2,1.5
108,서울,2026-03-08 02:20,342.5,1.5
108,서울,2026-03-08 02:21,343.4,1
108,서울,2026-03-08 02:22,349.9,1.4
108,서울,2026-03-08 02:23,348.3,1.5
108,서울,2026-03-08 02:24,343.4,1
108,서울,2026-03-08 02:25,338.8,.5
108,서울,2026-03-08 02:26,15.8,.6
108,서울,2026-03-08 02:27,10.9,.7
108,서울,2026-03-08 02:28,.7,.5
108,서울,2026-03-08 02:29,14.3,.3
108,서울,2026-03-08 02:30,31.7,.4
108,서울,2026-03-08 02:31,47.6,.5
108,서울,2026-03-08 02:32,38,.4
108,서울,2026-03-08 02:33,34.1,.7
108,서울,2026-03-08 02:34,37.1,1.2
108,서울,2026-03-08 02:35,37.8,1.4
108,서울,2026-03-08 02:36,29.4,1.5
108,서울,2026-03-08 02:37,38.9,1.6
108,서울,2026-03-08 02:38,34.3,1.1
108,서울,2026-03-08 02:39,20.8,1.2
108,서울,2026-03-08 02:40,29.9,1.2
108,서울,2026-03-08 02:41,39,1.6
108,서울,2026-03-08 02:42,27.9,1.5
108,서울,2026-03-08 02:43,36.5,1.6
108,서울,2026-03-08 02:44,41.8,1.5
108,서울,2026-03-08 02:45,45.5,1.4
108,서울,2026-03-08 02:46,49.1,1.2
108,서울,2026-03-08 02:47,73.1,1.2
108,서울,2026-03-08 02:48,71.8,1
108,서울,2026-03-08 02:49,40.8,.8
108,서울,2026-03-08 02:50,49.5,1
108,서울,2026-03-08 02:51,12.1,.4
108,서울,2026-03-08 02:52,50.9,.6
108,서울,2026-03-08 02:53,80.6,.8
108,서울,2026-03-08 02:54,93.6,.8
108,서울,2026-03-08 02:55,74,.4
108,서울,2026-03-08 02:56,129.5,1.5
108,서울,2026-03-08 02:57,43.1,.9
108,서울,2026-03-08 02:58,28.3,.9
108,서울,2026-03-08 02:59,338.8,1.1
108,서울,2026-03-08 03:00,2.1,.9
108,서울,2026-03-08 03:01,17.8,1
108,서울,2026-03-08 03:02,35.7,1.9
108,서울,2026-03-08 03:03,43.9,1.9
108,서울,2026-03-08 03:04,20.3,2
108,서울,2026-03-08 03:05,16.9,1.5
108,서울,2026-03-08 03:06,26.1,1.8
108,서울,2026-03-08 03:07,18.1,2.4
108,서울,2026-03-08 03:08,25.3,2.4
108,서울,2026-03-08 03:09,40.5,1.9
108,서울,2026-03-08 03:10,72.3,1.8
108,서울,2026-03-08 03:11,20.9,2
108,서울,2026-03-08 03:12,40.5,1.4
108,서울,2026-03-08 03:13,38.1,1.6
108,서울,2026-03-08 03:14,53.3,1.4
108,서울,2026-03-08 03:15,55.3,1.2
108,서울,2026-03-08 03:16,53.9,1.8
108,서울,2026-03-08 03:17,41.4,2.1
108,서울,2026-03-08 03:18,35.7,2.1
108,서울,2026-03-08 03:19,37.7,1.8
108,서울,2026-03-08 03:20,62.5,1.8
108,서울,2026-03-08 03:21,39,1.1
108,서울,2026-03-08 03:22,47,1.3
108,서울,2026-03-08 03:23,47.8,1.3
108,서울,2026-03-08 03:24,48.4,1.4
108,서울,2026-03-08 03:25,49.7,1.1
108,서울,2026-03-08 03:26,35.9,1.3
108,서울,2026-03-08 03:27,59.5,1
108,서울,2026-03-08 03:28,29,.8
108,서울,2026-03-08 03:29,30.4,.8
108,서울,2026-03-08 03:30,28.1,1.4
108,서울,2026-03-08 03:31,56.3,.9
108,서울,2026-03-08 03:32,62.8,1
108,서울,2026-03-08 03:33,50.7,1.2
108,서울,2026-03-08 03:34,41.4,1.8
108,서울,2026-03-08 03:35,56.9,1.7
108,서울,2026-03-08 03:36,56.3,1.6
108,서울,2026-03-08 03:37,50,1.8
108,서울,2026-03-08 03:38,44,1.7
108,서울,2026-03-08 03:39,46.3,1.5
108,서울,2026-03-08 03:40,48.8,1.4
108,서울,2026-03-08 03:41,32.7,1.6
108,서울,2026-03-08 03:42,26.7,1.8
108,서울,2026-03-08 03:43,46.1,2.3
108,서울,2026-03-08 03:44,49.5,2.7
108,서울,2026-03-08 03:45,39.5,1.9
108,서울,2026-03-08 03:46,25,2.5
108,서울,2026-03-08 03:47,40.8,2.5
108,서울,2026-03-08 03:48,50.3,2
108,서울,2026-03-08 03:49,49.3,1.8
108,서울,2026-03-08 03:50,52.6,1.8
108,서울,2026-03-08 03:51,35,1.8
108,서울,2026-03-08 03:52,39.7,2.5
108,서울,2026-03-08 03:53,32.5,2.2
108,서울,2026-03-08 03:54,35.3,2.5
108,서울,2026-03-08 03:55,32.2,2.2
108,서울,2026-03-08 03:56,40.7,2.2
108,서울,2026-03-08 03:57,53.7,2.4
108,서울,2026-03-08 03:58,17.4,2.4
108,서울,2026-03-08 03:59,17,2.1
108,서울,2026-03-08 04:00,18.4,2
108,서울,2026-03-08 04:01,20.5,2
108,서울,2026-03-08 04:02,17.4,1.9
108,서울,2026-03-08 04:03,18.8,1.9
108,서울,2026-03-08 04:04,19,1.8
108,서울,2026-03-08 04:05,15.8,1.5
108,서울,2026-03-08 04:06,28.7,1.3
108,서울,2026-03-08 04:07,19,1.4
108,서울,2026-03-08 04:08,15.6,1.3
108,서울,2026-03-08 04:09,218.1,1.5
108,서울,2026-03-08 04:10,334.9,1.7
108,서울,2026-03-08 04:11,339.7,1.9
108,서울,2026-03-08 04:12,334.4,1.9
108,서울,2026-03-08 04:13,346.8,1.8
108,서울,2026-03-08 04:14,343.3,2
108,서울,2026-03-08 04:15,344.9,1.9
108,서울,2026-03-08 04:16,347.4,1.9
108,서울,2026-03-08 04:17,348.7,1.7
108,서울,2026-03-08 04:18,343.1,1.6
108,서울,2026-03-08 04:19,344.4,1.8
108,서울,2026-03-08 04:20,359,1.9
108,서울,2026-03-08 04:21,81,1.8
108,서울,2026-03-08 04:22,317.5,2
108,서울,2026-03-08 04:23,333.1,2
108,서울,2026-03-08 04:24,356.3,1.9
108,서울,2026-03-08 04:25,349.7,1.8
108,서울,2026-03-08 04:26,339.1,1.8
108,서울,2026-03-08 04:27,339.5,1.8
108,서울,2026-03-08 04:28,328.9,1.3
108,서울,2026-03-08 04:29,326.3,1.2
108,서울,2026-03-08 04:30,348,1.3
108,서울,2026-03-08 04:31,349.5,1.1
108,서울,2026-03-08 04:32,318,.8
108,서울,2026-03-08 04:33,287,.3
108,서울,2026-03-08 04:34,271.6,.1
108,서울,2026-03-08 04:35,256.9,0
108,서울,2026-03-08 04:36,258.8,1.1
108,서울,2026-03-08 04:37,253.1,1.1
108,서울,2026-03-08 04:38,219.4,.6
108,서울,2026-03-08 04:39,259.7,1.3
108,서울,2026-03-08 04:40,258.2,1.2
108,서울,2026-03-08 04:41,258.6,1.3
108,서울,2026-03-08 04:42,267.7,1.2
108,서울,2026-03-08 04:43,277,.7
108,서울,2026-03-08 04:44,283.6,.6
108,서울,2026-03-08 04:45,287.1,.7
108,서울,2026-03-08 04:46,272.7,.8
108,서울,2026-03-08 04:47,264.1,1
108,서울,2026-03-08 04:48,253.9,1.2
108,서울,2026-03-08 04:49,252,1.5
108,서울,2026-03-08 04:50,258.1,1.5
108,서울,2026-03-08 04:51,261.7,2
108,서울,2026-03-08 04:52,267.1,1.7
108,서울,2026-03-08 04:53,273.7,1.3
108,서울,2026-03-08 04:54,287.7,1.3
108,서울,2026-03-08 04:55,300.1,1.4
108,서울,2026-03-08 04:56,290,1.3
108,서울,2026-03-08 04:57,287.1,1.1
108,서울,2026-03-08 04:58,277.5,.9
108,서울,2026-03-08 04:59,284.5,.9
108,서울,2026-03-08 05:00,289.8,.7
108,서울,2026-03-08 05:01,315.1,.2
108,서울,2026-03-08 05:02,324.8,.4
108,서울,2026-03-08 05:03,324.3,.3
108,서울,2026-03-08 05:04,317.5,.2
108,서울,2026-03-08 05:05,328.6,.1
108,서울,2026-03-08 05:06,321.1,.4
108,서울,2026-03-08 05:07,298.9,.6
108,서울,2026-03-08 05:08,312.6,.8
108,서울,2026-03-08 05:09,311.1,.9
108,서울,2026-03-08 05:10,321.5,.9
108,서울,2026-03-08 05:11,322.3,.9
108,서울,2026-03-08 05:12,329.5,.8
108,서울,2026-03-08 05:13,9.3,1
108,서울,2026-03-08 05:14,13.8,1.3
108,서울,2026-03-08 05:15,345.1,.7
108,서울,2026-03-08 05:16,326.1,.8
108,서울,2026-03-08 05:17,346.8,.7
108,서울,2026-03-08 05:18,344.2,.9
108,서울,2026-03-08 05:19,345.4,1.1
108,서울,2026-03-08 05:20,349.8,1.6
108,서울,2026-03-08 05:21,346.1,1.6
108,서울,2026-03-08 05:22,344.2,1.6
108,서울,2026-03-08 05:23,338.8,1.4
108,서울,2026-03-08 05:24,337.4,1.4
108,서울,2026-03-08 05:25,328,1
108,서울,2026-03-08 05:26,323.4,.8
108,서울,2026-03-08 05:27,307.5,.7
108,서울,2026-03-08 05:28,294.3,.5
108,서울,2026-03-08 05:29,287.6,.6
108,서울,2026-03-08 05:30,287.9,.7
108,서울,2026-03-08 05:31,282.6,.7
108,서울,2026-03-08 05:32,279.5,.9
108,서울,2026-03-08 05:33,272.9,1.1
108,서울,2026-03-08 05:34,273.4,1.2
108,서울,2026-03-08 05:35,272.8,1.2
108,서울,2026-03-08 05:36,274.4,1.3
108,서울,2026-03-08 05:37,278.4,1.6
108,서울,2026-03-08 05:38,280.9,1.5
108,서울,2026-03-08 05:39,278.7,1
108,서울,2026-03-08 05:40,277,1.2
108,서울,2026-03-08 05:41,272.4,1.1
108,서울,2026-03-08 05:42,280.4,1.5
108,서울,2026-03-08 05:43,280.6,1.4
108,서울,2026-03-08 05:44,282.6,1.3
108,서울,2026-03-08 05:45,288.2,1.2
108,서울,2026-03-08 05:46,285.5,1.1
108,서울,2026-03-08 05:47,286.8,1.1
108,서울,2026-03-08 05:48,286.5,1.4
108,서울,2026-03-08 05:49,283.8,1
108,서울,2026-03-08 05:50,282.4,.9
108,서울,2026-03-08 05:51,281.5,.8
108,서울,2026-03-08 05:52,267,.7
108,서울,2026-03-08 05:53,270.9,.7
108,서울,2026-03-08 05:54,274.4,.7
108,서울,2026-03-08 05:55,267.5,1.1
108,서울,2026-03-08 05:56,269.4,.7
108,서울,2026-03-08 05:57,257.8,.5
108,서울,2026-03-08 05:58,255.9,.5
108,서울,2026-03-08 05:59,251.8,.6
108,서울,2026-03-08 06:00,252.9,.8
108,서울,2026-03-08 06:01,255.1,1.1
108,서울,2026-03-08 06:02,254.6,1.3
108,서울,2026-03-08 06:03,243.9,1.1
108,서울,2026-03-08 06:04,252.5,1
108,서울,2026-03-08 06:05,249.2,1
108,서울,2026-03-08 06:06,251.4,1.5
108,서울,2026-03-08 06:07,255.6,1.5
108,서울,2026-03-08 06:08,263.8,1.6
108,서울,2026-03-08 06:09,269.2,1.4
108,서울,2026-03-08 06:10,272.3,1.4
108,서울,2026-03-08 06:11,272.8,1.3
108,서울,2026-03-08 06:12,265.9,1.4
108,서울,2026-03-08 06:13,267.8,1.2
108,서울,2026-03-08 06:14,268.8,1.5
108,서울,2026-03-08 06:15,266.2,1.6
108,서울,2026-03-08 06:16,263.2,1.6
108,서울,2026-03-08 06:17,266.1,1.5
108,서울,2026-03-08 06:18,268.6,1.5
108,서울,2026-03-08 06:19,270,1.2
108,서울,2026-03-08 06:20,277.5,1.1
108,서울,2026-03-08 06:21,276.6,.8
108,서울,2026-03-08 06:22,273.2,.9
108,서울,2026-03-08 06:23,269.4,1
108,서울,2026-03-08 06:24,267.4,1
108,서울,2026-03-08 06:25,273.5,1
108,서울,2026-03-08 06:26,273.7,.7
108,서울,2026-03-08 06:27,269.3,.5
108,서울,2026-03-08 06:28,261.2,1
108,서울,2026-03-08 06:29,260.9,.9
108,서울,2026-03-08 06:30,262.6,1.2
108,서울,2026-03-08 06:31,260.8,1.3
108,서울,2026-03-08 06:32,265.3,1.3
108,서울,2026-03-08 06:33,270.7,1.1
108,서울,2026-03-08 06:34,263.4,1.4
108,서울,2026-03-08 06:35,262.5,1.7
108,서울,2026-03-08 06:36,263.2,1.5
108,서울,2026-03-08 06:37,260.6,1.3
108,서울,2026-03-08 06:38,269.9,1
108,서울,2026-03-08 06:39,266,1.4
108,서울,2026-03-08 06:40,267.5,1.4
108,서울,2026-03-08 06:41,267.7,1.4
108,서울,2026-03-08 06:42,274.1,1.5
108,서울,2026-03-08 06:43,271.7,1.2
108,서울,2026-03-08 06:44,268.9,1.3
108,서울,2026-03-08 06:45,265.6,1.2
108,서울,2026-03-08 06:46,263,1.2
108,서울,2026-03-08 06:47,271.8,1.1
108,서울,2026-03-08 06:48,273.5,1.1
108,서울,2026-03-08 06:49,273.5,1
108,서울,2026-03-08 06:50,277.9,1
108,서울,2026-03-08 06:51,276.4,1.1
108,서울,2026-03-08 06:52,275.9,1.3
108,서울,2026-03-08 06:53,271,1.4
108,서울,2026-03-08 06:54,268.9,1.4
108,서울,2026-03-08 06:55,259,1.5
108,서울,2026-03-08 06:56,257.6,1.4
108,서울,2026-03-08 06:57,259.5,1.3
108,서울,2026-03-08 06:58,255.1,1.4
108,서울,2026-03-08 06:59,259.1,1.3
108,서울,2026-03-08 07:00,258.4,1.2
108,서울,2026-03-08 07:01,264.3,1.2
108,서울,2026-03-08 07:02,268.3,1.2
108,서울,2026-03-08 07:03,272.9,1
108,서울,2026-03-08 07:04,277.8,1
108,서울,2026-03-08 07:05,284,1
108,서울,2026-03-08 07:06,263.4,1
108,서울,2026-03-08 07:07,261.4,.9
108,서울,2026-03-08 07:08,262.4,1
108,서울,2026-03-08 07:09,262.1,1.1
108,서울,2026-03-08 07:10,267.6,1.1
108,서울,2026-03-08 07:11,265.4,1.1
108,서울,2026-03-08 07:12,268.1,1.1
108,서울,2026-03-08 07:13,274.8,.9
108,서울,2026-03-08 07:14,271.1,.8
108,서울,2026-03-08 07:15,274.7,.8
108,서울,2026-03-08 07:16,278.8,.8
108,서울,2026-03-08 07:17,281.4,.7
108,서울,2026-03-08 07:18,277.8,.8
108,서울,2026-03-08 07:19,278.4,1
108,서울,2026-03-08 07:20,282.6,.8
108,서울,2026-03-08 07:21,278.7,.6
108,서울,2026-03-08 07:22,275.6,.7
108,서울,2026-03-08 07:23,274.6,.6
108,서울,2026-03-08 07:24,276.9,.7
108,서울,2026-03-08 07:25,285.9,.7
108,서울,2026-03-08 07:26,283,.9
108,서울,2026-03-08 07:27,293.5,1.1
108,서울,2026-03-08 07:28,298.1,1.2
108,서울,2026-03-08 07:29,294.5,1.4
108,서울,2026-03-08 07:30,301.1,1.4
108,서울,2026-03-08 07:31,304.9,1.4
108,서울,2026-03-08 07:32,303,1.4
108,서울,2026-03-08 07:33,299.9,1.3
108,서울,2026-03-08 07:34,305.4,1.2
108,서울,2026-03-08 07:35,303.5,1
108,서울,2026-03-08 07:36,300.8,1
108,서울,2026-03-08 07:37,297.8,1
108,서울,2026-03-08 07:38,293.2,.7
108,서울,2026-03-08 07:39,274.3,.6
108,서울,2026-03-08 07:40,286.9,.6
108,서울,2026-03-08 07:41,287,.8
108,서울,2026-03-08 07:42,289,.9
108,서울,2026-03-08 07:43,283.2,1.2
108,서울,2026-03-08 07:44,286.4,1.3
108,서울,2026-03-08 07:45,295.2,1.7
108,서울,2026-03-08 07:46,291.4,1.7
108,서울,2026-03-08 07:47,292.3,1.5
108,서울,2026-03-08 07:48,293.5,1.3
108,서울,2026-03-08 07:49,295.6,1.1
108,서울,2026-03-08 07:50,293.4,.9
108,서울,2026-03-08 07:51,291.9,.9
108,서울,2026-03-08 07:52,277.1,.7
108,서울,2026-03-08 07:53,268,.6
108,서울,2026-03-08 07:54,286.1,.7
108,서울,2026-03-08 07:55,303.8,1
108,서울,2026-03-08 07:56,302.4,1.4
108,서울,2026-03-08 07:57,302.1,1.6
108,서울,2026-03-08 07:58,297.3,1.6
108,서울,2026-03-08 07:59,298.2,1.7
108,서울,2026-03-08 08:00,297.9,1.6
108,서울,2026-03-08 08:01,299,1.3
108,서울,2026-03-08 08:02,287,1.2
108,서울,2026-03-08 08:03,292.2,1
108,서울,2026-03-08 08:04,285.4,.6
108,서울,2026-03-08 08:05,291.4,.8
108,서울,2026-03-08 08:06,263.8,.8
108,서울,2026-03-08 08:07,273.7,1
108,서울,2026-03-08 08:08,289.5,1.1
108,서울,2026-03-08 08:09,294.5,1.3
108,서울,2026-03-08 08:10,300.3,1.3
108,서울,2026-03-08 08:11,299.1,1.4
108,서울,2026-03-08 08:12,299.3,1.1
108,서울,2026-03-08 08:13,289.9,.7
108,서울,2026-03-08 08:14,266.3,.7
108,서울,2026-03-08 08:15,292.6,.9
108,서울,2026-03-08 08:16,273.5,.9
108,서울,2026-03-08 08:17,262,1.2
108,서울,2026-03-08 08:18,264.3,1.2
108,서울,2026-03-08 08:19,256.9,1.1
108,서울,2026-03-08 08:20,261.8,1.6
108,서울,2026-03-08 08:21,272.9,1.3
108,서울,2026-03-08 08:22,284.1,1.1
108,서울,2026-03-08 08:23,284.3,.9
108,서울,2026-03-08 08:24,276.8,1
108,서울,2026-03-08 08:25,281.7,1
108,서울,2026-03-08 08:26,293.8,1.1
108,서울,2026-03-08 08:27,291.3,.9
108,서울,2026-03-08 08:28,282.1,.4
108,서울,2026-03-08 08:29,253.9,.6
108,서울,2026-03-08 08:30,267,.5
108,서울,2026-03-08 08:31,249.5,.5
108,서울,2026-03-08 08:32,218.4,.3
108,서울,2026-03-08 08:33,306.6,1.1
108,서울,2026-03-08 08:34,307,1
108,서울,2026-03-08 08:35,317,.7
108,서울,2026-03-08 08:36,302.7,1.4
108,서울,2026-03-08 08:37,292.8,1.4
108,서울,2026-03-08 08:38,296.6,.8
108,서울,2026-03-08 08:39,281.5,.9
108,서울,2026-03-08 08:40,283,.7
108,서울,2026-03-08 08:41,250.3,.4
108,서울,2026-03-08 08:42,237.7,.3
108,서울,2026-03-08 08:43,223.1,.7
108,서울,2026-03-08 08:44,237.9,.8
108,서울,2026-03-08 08:45,209.9,.7
108,서울,2026-03-08 08:46,215.3,.7
108,서울,2026-03-08 08:47,231.1,.6
108,서울,2026-03-08 08:48,239.1,.2
108,서울,2026-03-08 08:49,267,.5
108,서울,2026-03-08 08:50,307.4,.9
108,서울,2026-03-08 08:51,262.7,.5
108,서울,2026-03-08 08:52,236.8,.8
108,서울,2026-03-08 08:53,210.6,.8
108,서울,2026-03-08 08:54,166.5,1.3
108,서울,2026-03-08 08:55,148.1,1.2
108,서울,2026-03-08 08:56,179.3,1.7
108,서울,2026-03-08 08:57,176.4,1.6
108,서울,2026-03-08 08:58,199.8,1.6
108,서울,2026-03-08 08:59,187.1,1.2
108,서울,2026-03-08 09:00,141.9,.4
108,서울,2026-03-08 09:01,286,.4
108,서울,2026-03-08 09:02,128.8,.2
108,서울,2026-03-08 09:03,243.4,1.1
108,서울,2026-03-08 09:04,227.8,1
108,서울,2026-03-08 09:05,231.4,.5
108,서울,2026-03-08 09:06,219.1,0
108,서울,2026-03-08 09:07,271.8,0
108,서울,2026-03-08 09:08,152.9,1.3
108,서울,2026-03-08 09:09,197.6,1.9
108,서울,2026-03-08 09:10,190.6,1.5
108,서울,2026-03-08 09:11,191,1.9
108,서울,2026-03-08 09:12,222,1.2
108,서울,2026-03-08 09:13,242.1,.7
108,서울,2026-03-08 09:14,140.8,.7
108,서울,2026-03-08 09:15,160.5,1.1
108,서울,2026-03-08 09:16,150.8,1.4
108,서울,2026-03-08 09:17,145,1.1
108,서울,2026-03-08 09:18,153.3,.8
108,서울,2026-03-08 09:19,139.7,1.1
108,서울,2026-03-08 09:20,164.1,.8
108,서울,2026-03-08 09:21,190.6,.9
108,서울,2026-03-08 09:22,182.1,.8
108,서울,2026-03-08 09:23,126,.4
108,서울,2026-03-08 09:24,146.5,1.2
108,서울,2026-03-08 09:25,124.2,1.3
108,서울,2026-03-08 09:26,127.5,.7
108,서울,2026-03-08 09:27,238.3,.7
108,서울,2026-03-08 09:28,239.2,1.1
108,서울,2026-03-08 09:29,271.1,1.3
108,서울,2026-03-08 09:30,280.5,1.7
108,서울,2026-03-08 09:31,285.5,1.8
108,서울,2026-03-08 09:32,271.6,1.4
108,서울,2026-03-08 09:33,289.1,1.2
108,서울,2026-03-08 09:34,323.8,.7
108,서울,2026-03-08 09:35,308.2,1.2
108,서울,2026-03-08 09:36,315.2,2
108,서울,2026-03-08 09:37,293.8,2.1
108,서울,2026-03-08 09:38,316.8,2.4
108,서울,2026-03-08 09:39,314.2,2.5
108,서울,2026-03-08 09:40,290.2,1.3
108,서울,2026-03-08 09:41,261.5,1.7
108,서울,2026-03-08 09:42,250.5,2.1
108,서울,2026-03-08 09:43,245.9,2
108,서울,2026-03-08 09:44,265.6,2.2
108,서울,2026-03-08 09:45,249.7,1.8
108,서울,2026-03-08 09:46,228.5,1.6
108,서울,2026-03-08 09:47,223.3,1.4
108,서울,2026-03-08 09:48,247.9,.8
108,서울,2026-03-08 09:49,299.9,2.2
108,서울,2026-03-08 09:50,276.6,1.5
108,서울,2026-03-08 09:51,284.9,1.8
108,서울,2026-03-08 09:52,300,1.3
108,서울,2026-03-08 09:53,291.4,1.9
108,서울,2026-03-08 09:54,294,2
108,서울,2026-03-08 09:55,298.5,2.3
108,서울,2026-03-08 09:56,289.9,1.5
108,서울,2026-03-08 09:57,292.9,1.4
108,서울,2026-03-08 09:58,308,1.1
108,서울,2026-03-08 09:59,320.2,1.1
108,서울,2026-03-08 10:00,277.5,.8
108,서울,2026-03-08 10:01,286.4,2.1
108,서울,2026-03-08 10:02,290.8,2.8
108,서울,2026-03-08 10:03,296,2.6
108,서울,2026-03-08 10:04,288.3,2
108,서울,2026-03-08 10:05,285.8,1.5
108,서울,2026-03-08 10:06,288.5,1.7
108,서울,2026-03-08 10:07,288,1.7
108,서울,2026-03-08 10:08,291.1,1.8
108,서울,2026-03-08 10:09,282.5,1.4
108,서울,2026-03-08 10:10,255.2,.5
108,서울,2026-03-08 10:11,179.4,.2
108,서울,2026-03-08 10:12,228.7,.6
108,서울,2026-03-08 10:13,250.9,.9
108,서울,2026-03-08 10:14,251.8,.8
108,서울,2026-03-08 10:15,310,1.1
108,서울,2026-03-08 10:16,335.3,1.5
108,서울,2026-03-08 10:17,47.9,1.8
108,서울,2026-03-08 10:18,292.1,1.9
108,서울,2026-03-08 10:19,311.1,1.5
108,서울,2026-03-08 10:20,226.5,.8
108,서울,2026-03-08 10:21,231.4,2.1
108,서울,2026-03-08 10:22,257.3,2.4
108,서울,2026-03-08 10:23,250,2.2
108,서울,2026-03-08 10:24,246,1.5
108,서울,2026-03-08 10:25,213.9,1.8
108,서울,2026-03-08 10:26,278.5,1.7
108,서울,2026-03-08 10:27,294.9,2.3
108,서울,2026-03-08 10:28,306.3,1.6
108,서울,2026-03-08 10:29,311.7,1.2
108,서울,2026-03-08 10:30,321.1,.4
108,서울,2026-03-08 10:31,257.6,0
108,서울,2026-03-08 10:32,259.5,1.5
108,서울,2026-03-08 10:33,300.6,1.7
108,서울,2026-03-08 10:34,306.2,2
108,서울,2026-03-08 10:35,306.5,.8
108,서울,2026-03-08 10:36,157,.8
108,서울,2026-03-08 10:37,209.2,1.9
108,서울,2026-03-08 10:38,211.5,1.8
108,서울,2026-03-08 10:39,247.2,1.6
108,서울,2026-03-08 10:40,298,2.1
108,서울,2026-03-08 10:41,229.4,2.4
108,서울,2026-03-08 10:42,181.6,2.1
108,서울,2026-03-08 10:43,221.5,1.2
108,서울,2026-03-08 10:44,199.8,2.1
108,서울,2026-03-08 10:45,203.4,1.8
108,서울,2026-03-08 10:46,226.5,1.6
108,서울,2026-03-08 10:47,259.4,1.9
108,서울,2026-03-08 10:48,280.8,2
108,서울,2026-03-08 10:49,292.3,2.6
108,서울,2026-03-08 10:50,297.1,1.6
108,서울,2026-03-08 10:51,296.4,2.2
108,서울,2026-03-08 10:52,280.7,1.7
108,서울,2026-03-08 10:53,228.5,1
108,서울,2026-03-08 10:54,257.1,2.1
108,서울,2026-03-08 10:55,268.8,1.5
108,서울,2026-03-08 10:56,300.1,2.1
108,서울,2026-03-08 10:57,298.7,1.1
108,서울,2026-03-08 10:58,292.3,1.3
108,서울,2026-03-08 10:59,277.3,2.3
108,서울,2026-03-08 11:00,295.5,1.9
108,서울,2026-03-08 11:01,297.7,1.3
108,서울,2026-03-08 11:02,286.4,1.7
108,서울,2026-03-08 11:03,277.4,2.4
108,서울,2026-03-08 11:04,287.6,2.7
108,서울,2026-03-08 11:05,302.1,3.5
108,서울,2026-03-08 11:06,303.5,3
108,서울,2026-03-08 11:07,302.8,2.4
108,서울,2026-03-08 11:08,313.4,1.5
108,서울,2026-03-08 11:09,302.1,2
108,서울,2026-03-08 11:10,290.2,1.9
108,서울,2026-03-08 11:11,274.6,1.4
108,서울,2026-03-08 11:12,303.2,2.4
108,서울,2026-03-08 11:13,311.9,3
108,서울,2026-03-08 11:14,307.8,2.2
108,서울,2026-03-08 11:15,290.9,2.3
108,서울,2026-03-08 11:16,297.2,1.6
108,서울,2026-03-08 11:17,274.8,1.9
108,서울,2026-03-08 11:18,282.8,3
108,서울,2026-03-08 11:19,284.2,2.9
108,서울,2026-03-08 11:20,302,2.2
108,서울,2026-03-08 11:21,322.3,2.4
108,서울,2026-03-08 11:22,335.1,2.2
108,서울,2026-03-08 11:23,287.7,.9
108,서울,2026-03-08 11:24,86.4,.8
108,서울,2026-03-08 11:25,18.8,1.4
108,서울,2026-03-08 11:26,303,1.6
108,서울,2026-03-08 11:27,267.7,2.6
108,서울,2026-03-08 11:28,237,2.7
108,서울,2026-03-08 11:29,197.8,1.6
108,서울,2026-03-08 11:30,152.2,.7
108,서울,2026-03-08 11:31,264.6,1.6
108,서울,2026-03-08 11:32,256,1.7
108,서울,2026-03-08 11:33,253.1,2
108,서울,2026-03-08 11:34,233.6,.6
108,서울,2026-03-08 11:35,269.1,.4
108,서울,2026-03-08 11:36,32.4,.8
108,서울,2026-03-08 11:37,346.4,.6
108,서울,2026-03-08 11:38,269,1
108,서울,2026-03-08 11:39,157.7,2.3
108,서울,2026-03-08 11:40,184.5,1.7
108,서울,2026-03-08 11:41,172,2.2
108,서울,2026-03-08 11:42,208.5,.6
108,서울,2026-03-08 11:43,310.6,2.2
108,서울,2026-03-08 11:44,322.7,3.4
108,서울,2026-03-08 11:45,309.2,3.2
108,서울,2026-03-08 11:46,246.3,3.1
108,서울,2026-03-08 11:47,257.7,2.6
108,서울,2026-03-08 11:48,256.1,2.7
108,서울,2026-03-08 11:49,272.7,2.8
108,서울,2026-03-08 11:50,283.5,2.8
108,서울,2026-03-08 11:51,298.2,1.8
108,서울,2026-03-08 11:52,269.2,2.9
108,서울,2026-03-08 11:53,299.1,3.6
108,서울,2026-03-08 11:54,288.5,3.3
108,서울,2026-03-08 11:55,293.4,2.4
108,서울,2026-03-08 11:56,317.9,1.8
108,서울,2026-03-08 11:57,297.7,2.4
108,서울,2026-03-08 11:58,286.4,2.2
108,서울,2026-03-08 11:59,277.5,2.9
108,서울,2026-03-08 12:00,297.4,2.7
108,서울,2026-03-08 12:01,288,2.5
108,서울,2026-03-08 12:02,304.2,3.3
108,서울,2026-03-08 12:03,310.3,3
108,서울,2026-03-08 12:04,319.9,3.8
108,서울,2026-03-08 12:05,317,2.6
108,서울,2026-03-08 12:06,281.5,1.1
108,서울,2026-03-08 12:07,320.4,.9
108,서울,2026-03-08 12:08,309.5,3.4
108,서울,2026-03-08 12:09,296.1,3.3
108,서울,2026-03-08 12:10,297.5,4.8
108,서울,2026-03-08 12:11,289.1,4.3
108,서울,2026-03-08 12:12,287,3.7
108,서울,2026-03-08 12:13,311.2,2.9
108,서울,2026-03-08 12:14,327.5,2.4
108,서울,2026-03-08 12:15,300.5,2.3
108,서울,2026-03-08 12:16,45.1,1
108,서울,2026-03-08 12:17,296.8,2
108,서울,2026-03-08 12:18,292.2,2.3
108,서울,2026-03-08 12:19,239.8,3.1
108,서울,2026-03-08 12:20,261.2,3.7
108,서울,2026-03-08 12:21,279.7,3.3
108,서울,2026-03-08 12:22,296.8,4.1
108,서울,2026-03-08 12:23,280.8,4.9
108,서울,2026-03-08 12:24,295.6,3.3
108,서울,2026-03-08 12:25,265.6,2.4
108,서울,2026-03-08 12:26,232.3,3.5
108,서울,2026-03-08 12:27,228.8,2.4
108,서울,2026-03-08 12:28,226.5,4.1
108,서울,2026-03-08 12:29,254,3.7
108,서울,2026-03-08 12:30,254.5,2.9
108,서울,2026-03-08 12:31,280.9,2.5
108,서울,2026-03-08 12:32,321.8,3.1
108,서울,2026-03-08 12:33,291.5,3.3
108,서울,2026-03-08 12:34,295.5,3.7
108,서울,2026-03-08 12:35,271.2,2.9
108,서울,2026-03-08 12:36,235.9,2.3
108,서울,2026-03-08 12:37,249.1,3.9
108,서울,2026-03-08 12:38,252.2,4.3
108,서울,2026-03-08 12:39,260.3,2.3
108,서울,2026-03-08 12:40,273.6,3.3
108,서울,2026-03-08 12:41,292.7,3.4
108,서울,2026-03-08 12:42,266.8,4.9
108,서울,2026-03-08 12:43,263.2,3.5
108,서울,2026-03-08 12:44,265.3,2.2
108,서울,2026-03-08 12:45,219.5,2.1
108,서울,2026-03-08 12:46,258.3,3.6
108,서울,2026-03-08 12:47,211.8,3.1
108,서울,2026-03-08 12:48,207.7,2.7
108,서울,2026-03-08 12:49,204.8,4.1
108,서울,2026-03-08 12:50,203.9,4
108,서울,2026-03-08 12:51,246.4,2.5
108,서울,2026-03-08 12:52,264.3,2.8
108,서울,2026-03-08 12:53,289.7,2.3
108,서울,2026-03-08 12:54,253.1,1.6
108,서울,2026-03-08 12:55,285.4,2.6
108,서울,2026-03-08 12:56,224.7,2.3
108,서울,2026-03-08 12:57,241.2,2
108,서울,2026-03-08 12:58,269.6,3.1
108,서울,2026-03-08 12:59,277.6,3.2
108,서울,2026-03-08 13:00,283.2,3.1
108,서울,2026-03-08 13:01,290.3,2.1
108,서울,2026-03-08 13:02,184.8,1.9
108,서울,2026-03-08 13:03,190.1,2.4
108,서울,2026-03-08 13:04,243.9,2.9
108,서울,2026-03-08 13:05,248.2,2.7
108,서울,2026-03-08 13:06,260.6,3.7
108,서울,2026-03-08 13:07,247.6,4.7
108,서울,2026-03-08 13:08,260.5,4.6
108,서울,2026-03-08 13:09,230.3,3.9
108,서울,2026-03-08 13:10,213.9,2.9
108,서울,2026-03-08 13:11,204.4,3.4
108,서울,2026-03-08 13:12,222.2,3.2
108,서울,2026-03-08 13:13,252.3,2
108,서울,2026-03-08 13:14,291.8,3.2
108,서울,2026-03-08 13:15,316.3,3.7
108,서울,2026-03-08 13:16,312,2.7
108,서울,2026-03-08 13:17,285.5,3.1
108,서울,2026-03-08 13:18,220.9,2.4
108,서울,2026-03-08 13:19,229.1,1.9
108,서울,2026-03-08 13:20,195.1,2.3
108,서울,2026-03-08 13:21,201.5,3.5
108,서울,2026-03-08 13:22,169.7,2.4
108,서울,2026-03-08 13:23,182.7,1.9
108,서울,2026-03-08 13:24,211.4,3.1
108,서울,2026-03-08 13:25,191.2,3.4
108,서울,2026-03-08 13:26,225.6,3.5
108,서울,2026-03-08 13:27,251,.9
108,서울,2026-03-08 13:28,220.7,3.7
108,서울,2026-03-08 13:29,196.1,3.4
108,서울,2026-03-08 13:30,204.7,3.3
108,서울,2026-03-08 13:31,238.9,2.7
108,서울,2026-03-08 13:32,278.3,3
108,서울,2026-03-08 13:33,285.2,2.8
108,서울,2026-03-08 13:34,299.8,2.8
108,서울,2026-03-08 13:35,314.9,2.9
108,서울,2026-03-08 13:36,295.7,3
108,서울,2026-03-08 13:37,282.1,3.5
108,서울,2026-03-08 13:38,214.8,3.6
108,서울,2026-03-08 13:39,220,3.2
108,서울,2026-03-08 13:40,211.6,3
108,서울,2026-03-08 13:41,214.9,2.2
108,서울,2026-03-08 13:42,271.3,3.5
108,서울,2026-03-08 13:43,272.4,3.8
108,서울,2026-03-08 13:44,287.2,3.4
108,서울,2026-03-08 13:45,291,2.4
108,서울,2026-03-08 13:46,269.7,2.5
108,서울,2026-03-08 13:47,261.7,3
108,서울,2026-03-08 13:48,227,2.1
108,서울,2026-03-08 13:49,258.8,2.9
108,서울,2026-03-08 13:50,305.3,2.9
108,서울,2026-03-08 13:51,290.1,4.1
108,서울,2026-03-08 13:52,290.5,5.2
108,서울,2026-03-08 13:53,280.7,2.8
108,서울,2026-03-08 13:54,272.6,2.4
108,서울,2026-03-08 13:55,236.8,2.9
108,서울,2026-03-08 13:56,245.9,2.1
108,서울,2026-03-08 13:57,196.7,3.1
108,서울,2026-03-08 13:58,228.5,3
108,서울,2026-03-08 13:59,256.8,4.4
108,서울,2026-03-08 14:00,240.5,3.4
108,서울,2026-03-08 14:01,205.2,2.1
108,서울,2026-03-08 14:02,258,2.3
108,서울,2026-03-08 14:03,237.4,3
108,서울,2026-03-08 14:04,168.5,1.8
108,서울,2026-03-08 14:05,200.8,2.4
108,서울,2026-03-08 14:06,174.3,4.5
108,서울,2026-03-08 14:07,189,3.8
108,서울,2026-03-08 14:08,185,3.1
108,서울,2026-03-08 14:09,171.6,4
108,서울,2026-03-08 14:10,203.6,3.3
108,서울,2026-03-08 14:11,267.2,2.9
108,서울,2026-03-08 14:12,250.2,3.2
108,서울,2026-03-08 14:13,272.1,3.4
108,서울,2026-03-08 14:14,236.3,2
108,서울,2026-03-08 14:15,263.1,2.4
108,서울,2026-03-08 14:16,224.1,3.2
108,서울,2026-03-08 14:17,237.4,2.8
108,서울,2026-03-08 14:18,220.5,2.6
108,서울,2026-03-08 14:19,195.2,3.2
108,서울,2026-03-08 14:20,246.9,2.3
108,서울,2026-03-08 14:21,232.1,2.6
108,서울,2026-03-08 14:22,237.5,1.3
108,서울,2026-03-08 14:23,279.4,2.6
108,서울,2026-03-08 14:24,299.3,4
108,서울,2026-03-08 14:25,313.4,2.4
108,서울,2026-03-08 14:26,296.1,2.5
108,서울,2026-03-08 14:27,268.6,3.2
108,서울,2026-03-08 14:28,259.1,3.1
108,서울,2026-03-08 14:29,241.8,3
108,서울,2026-03-08 14:30,243.3,1.8
108,서울,2026-03-08 14:31,271.8,2.4
108,서울,2026-03-08 14:32,272.3,1.9
108,서울,2026-03-08 14:33,224.8,1.8
108,서울,2026-03-08 14:34,295,1.7
108,서울,2026-03-08 14:35,289.3,2.9
108,서울,2026-03-08 14:36,302.2,3
108,서울,2026-03-08 14:37,323.7,2.9
108,서울,2026-03-08 14:38,280,1.9
108,서울,2026-03-08 14:39,234.5,2.9
108,서울,2026-03-08 14:40,252.1,2.7
108,서울,2026-03-08 14:41,250.5,2.8
108,서울,2026-03-08 14:42,258,2.7
108,서울,2026-03-08 14:43,260.6,3.7
108,서울,2026-03-08 14:44,238.5,4
108,서울,2026-03-08 14:45,260.1,2.8
108,서울,2026-03-08 14:46,267.5,2.7
108,서울,2026-03-08 14:47,250.9,2.6
108,서울,2026-03-08 14:48,234.2,2.7
108,서울,2026-03-08 14:49,243.4,2.5
108,서울,2026-03-08 14:50,260.5,2.5
108,서울,2026-03-08 14:51,249.1,2.6
108,서울,2026-03-08 14:52,251.8,3.4
108,서울,2026-03-08 14:53,271.4,4
108,서울,2026-03-08 14:54,295.1,3.5
108,서울,2026-03-08 14:55,287.4,3.7
108,서울,2026-03-08 14:56,289.5,3.4
108,서울,2026-03-08 14:57,290.5,3.7
108,서울,2026-03-08 14:58,251.2,1.7
108,서울,2026-03-08 14:59,237.8,1.2
108,서울,2026-03-08 15:00,234.6,1.4
108,서울,2026-03-08 15:01,246.5,2
108,서울,2026-03-08 15:02,211,3.4
108,서울,2026-03-08 15:03,244.1,2.8
108,서울,2026-03-08 15:04,243.1,4.4
108,서울,2026-03-08 15:05,271.2,4.4
108,서울,2026-03-08 15:06,251,3.7
108,서울,2026-03-08 15:07,275.6,3.4
108,서울,2026-03-08 15:08,252.9,3.7
108,서울,2026-03-08 15:09,233.6,3.2
108,서울,2026-03-08 15:10,221.1,3
108,서울,2026-03-08 15:11,246.9,2.9
108,서울,2026-03-08 15:12,237.8,3.4
108,서울,2026-03-08 15:13,211,4.7
108,서울,2026-03-08 15:14,226,4.2
108,서울,2026-03-08 15:15,225.8,4
108,서울,2026-03-08 15:16,219.9,4
108,서울,2026-03-08 15:17,226.5,3.6
108,서울,2026-03-08 15:18,243.2,3.1
108,서울,2026-03-08 15:19,252.5,3.2
108,서울,2026-03-08 15:20,258.2,2.4
108,서울,2026-03-08 15:21,294.5,2.8
108,서울,2026-03-08 15:22,289.7,4.1
108,서울,2026-03-08 15:23,280.1,2.9
108,서울,2026-03-08 15:24,304.2,2.6
108,서울,2026-03-08 15:25,275.7,2
108,서울,2026-03-08 15:26,292.7,2.7
108,서울,2026-03-08 15:27,320.9,2.4
108,서울,2026-03-08 15:28,294.6,3.4
108,서울,2026-03-08 15:29,291.8,5.4
108,서울,2026-03-08 15:30,271.4,3.6
108,서울,2026-03-08 15:31,295.5,3.6
108,서울,2026-03-08 15:32,284.4,3.1
108,서울,2026-03-08 15:33,273.4,2.8
108,서울,2026-03-08 15:34,306.4,2.9
108,서울,2026-03-08 15:35,285,2.5
108,서울,2026-03-08 15:36,279.7,3.1
108,서울,2026-03-08 15:37,259.1,3.4
108,서울,2026-03-08 15:38,296.4,3.8
108,서울,2026-03-08 15:39,298.5,4.2
108,서울,2026-03-08 15:40,312.5,2.6
108,서울,2026-03-08 15:41,289.5,2.6
108,서울,2026-03-08 15:42,298.3,3.4
108,서울,2026-03-08 15:43,290.7,4.1
108,서울,2026-03-08 15:44,293.1,2.5
108,서울,2026-03-08 15:45,287.5,2.6
108,서울,2026-03-08 15:46,249.5,2.9
108,서울,2026-03-08 15:47,270.7,2.7
108,서울,2026-03-08 15:48,270.4,2
108,서울,2026-03-08 15:49,264.8,2.8
108,서울,2026-03-08 15:50,261.8,4.3
108,서울,2026-03-08 15:51,259.9,3.9
108,서울,2026-03-08 15:52,258.9,3.1
108,서울,2026-03-08 15:53,229.6,2.9
108,서울,2026-03-08 15:54,208.9,2.3
108,서울,2026-03-08 15:55,234.9,2.7
108,서울,2026-03-08 15:56,257.9,2.7
108,서울,2026-03-08 15:57,251.3,3.6
108,서울,2026-03-08 15:58,244.4,3.5
108,서울,2026-03-08 15:59,249.7,4
108,서울,2026-03-08 16:00,248.5,3.5
108,서울,2026-03-08 16:01,245.8,4.2
108,서울,2026-03-08 16:02,248.2,3.6
108,서울,2026-03-08 16:03,258.7,3
108,서울,2026-03-08 16:04,264.3,2.6
108,서울,2026-03-08 16:05,249.9,2.5
108,서울,2026-03-08 16:06,250,3.1
108,서울,2026-03-08 16:07,253.3,2.2
108,서울,2026-03-08 16:08,257.8,1.9
108,서울,2026-03-08 16:09,210,2.2
108,서울,2026-03-08 16:10,233.2,2.2
108,서울,2026-03-08 16:11,242.7,1.8
108,서울,2026-03-08 16:12,247.8,1.5
108,서울,2026-03-08 16:13,265.1,1.3
108,서울,2026-03-08 16:14,294.6,3.6
108,서울,2026-03-08 16:15,294.6,2.8
108,서울,2026-03-08 16:16,305.3,2.6
108,서울,2026-03-08 16:17,298.9,2.8
108,서울,2026-03-08 16:18,283.7,2.1
108,서울,2026-03-08 16:19,265.6,2.2
108,서울,2026-03-08 16:20,254.9,2.3
108,서울,2026-03-08 16:21,248.7,2.7
108,서울,2026-03-08 16:22,263.9,1.5
108,서울,2026-03-08 16:23,307.8,2.1
108,서울,2026-03-08 16:24,304.8,1.7
108,서울,2026-03-08 16:25,281.5,2.1
108,서울,2026-03-08 16:26,258.4,1.8
108,서울,2026-03-08 16:27,276,1.6
108,서울,2026-03-08 16:28,235,1.9
108,서울,2026-03-08 16:29,267.2,2.7
108,서울,2026-03-08 16:30,246.6,2.4
108,서울,2026-03-08 16:31,258,1.8
108,서울,2026-03-08 16:32,256.1,1.1
108,서울,2026-03-08 16:33,266.2,2
108,서울,2026-03-08 16:34,297.5,2.5
108,서울,2026-03-08 16:35,271.1,2.7
108,서울,2026-03-08 16:36,274.1,2.6
108,서울,2026-03-08 16:37,297.6,2.5
108,서울,2026-03-08 16:38,297.7,1.4
108,서울,2026-03-08 16:39,281,2.3
108,서울,2026-03-08 16:40,295.5,2.3
108,서울,2026-03-08 16:41,280.8,1.9
108,서울,2026-03-08 16:42,296.3,2
108,서울,2026-03-08 16:43,271.6,2.1
108,서울,2026-03-08 16:44,282.9,3
108,서울,2026-03-08 16:45,314.3,3
108,서울,2026-03-08 16:46,265.9,2.7
108,서울,2026-03-08 16:47,260.9,3.5
108,서울,2026-03-08 16:48,261.9,3
108,서울,2026-03-08 16:49,255.4,2.7
108,서울,2026-03-08 16:50,247.7,3.4
108,서울,2026-03-08 16:51,246.7,3.8
108,서울,2026-03-08 16:52,274.9,3.3
108,서울,2026-03-08 16:53,243.6,1.6
108,서울,2026-03-08 16:54,211.8,2.2
108,서울,2026-03-08 16:55,254.6,3.1
108,서울,2026-03-08 16:56,256.8,3.5
108,서울,2026-03-08 16:57,242.9,3.4
108,서울,2026-03-08 16:58,246.9,3.2
108,서울,2026-03-08 16:59,256.8,3.4
108,서울,2026-03-08 17:00,244.1,3.1
108,서울,2026-03-08 17:01,282.8,2.1
108,서울,2026-03-08 17:02,247.6,2.5
108,서울,2026-03-08 17:03,246.4,3.2
108,서울,2026-03-08 17:04,263.2,3.3
108,서울,2026-03-08 17:05,238,2.5
108,서울,2026-03-08 17:06,209.8,2.6
108,서울,2026-03-08 17:07,233.5,2.7
108,서울,2026-03-08 17:08,279.1,2.7
108,서울,2026-03-08 17:09,264.9,3
108,서울,2026-03-08 17:10,259.1,3.5
108,서울,2026-03-08 17:11,288.8,2.4
108,서울,2026-03-08 17:12,277.3,2.4
108,서울,2026-03-08 17:13,282.8,4
108,서울,2026-03-08 17:14,259.6,4.7
108,서울,2026-03-08 17:15,267.3,2.8
108,서울,2026-03-08 17:16,295.9,2.6
108,서울,2026-03-08 17:17,257.9,2.6
108,서울,2026-03-08 17:18,262.9,2.6
108,서울,2026-03-08 17:19,302.8,2.7
108,서울,2026-03-08 17:20,306.1,2.5
108,서울,2026-03-08 17:21,294.1,2.2
108,서울,2026-03-08 17:22,258.3,2.3
108,서울,2026-03-08 17:23,257.8,3.4
108,서울,2026-03-08 17:24,257.8,3.7
108,서울,2026-03-08 17:25,258.3,4.8
108,서울,2026-03-08 17:26,256,4.7
108,서울,2026-03-08 17:27,253,4.5
108,서울,2026-03-08 17:28,258.5,3.7
108,서울,2026-03-08 17:29,271.5,2.9
108,서울,2026-03-08 17:30,260.7,2.4
108,서울,2026-03-08 17:31,245.5,3
108,서울,2026-03-08 17:32,261.6,2.2
108,서울,2026-03-08 17:33,265.5,1.7
108,서울,2026-03-08 17:34,256.2,2.7
108,서울,2026-03-08 17:35,201.1,2.4
108,서울,2026-03-08 17:36,243,1.8
108,서울,2026-03-08 17:37,255.6,1.8
108,서울,2026-03-08 17:38,295.2,2.5
108,서울,2026-03-08 17:39,271.4,2.3
108,서울,2026-03-08 17:40,269.1,1.9
108,서울,2026-03-08 17:41,273,2.5
108,서울,2026-03-08 17:42,271.1,3.3
108,서울,2026-03-08 17:43,266.8,3.7
108,서울,2026-03-08 17:44,273.5,2.9
108,서울,2026-03-08 17:45,257.3,2.7
108,서울,2026-03-08 17:46,279.5,3
108,서울,2026-03-08 17:47,295.3,3.7
108,서울,2026-03-08 17:48,290.2,3.2
108,서울,2026-03-08 17:49,291.9,3.3
108,서울,2026-03-08 17:50,290.8,2.9
108,서울,2026-03-08 17:51,275.3,3.1
108,서울,2026-03-08 17:52,289.4,2.9
108,서울,2026-03-08 17:53,277.8,2.9
108,서울,2026-03-08 17:54,263.7,2.3
108,서울,2026-03-08 17:55,264.4,2.3
108,서울,2026-03-08 17:56,275.1,2
108,서울,2026-03-08 17:57,256.2,3.4
108,서울,2026-03-08 17:58,255.6,4
108,서울,2026-03-08 17:59,257.5,4.5
108,서울,2026-03-08 18:00,262,3.2
108,서울,2026-03-08 18:01,272.6,2.4
108,서울,2026-03-08 18:02,261.9,2.6
108,서울,2026-03-08 18:03,275.8,3
108,서울,2026-03-08 18:04,269.4,3.1
108,서울,2026-03-08 18:05,259.2,4.3
108,서울,2026-03-08 18:06,253.3,3
108,서울,2026-03-08 18:07,248.7,2.1
108,서울,2026-03-08 18:08,263.7,3.3
108,서울,2026-03-08 18:09,267.1,4.4
108,서울,2026-03-08 18:10,258.1,3.2
108,서울,2026-03-08 18:11,264.1,3.5
108,서울,2026-03-08 18:12,243.2,2.2
108,서울,2026-03-08 18:13,284.7,1.9
108,서울,2026-03-08 18:14,290.4,4
108,서울,2026-03-08 18:15,255.2,2.2
108,서울,2026-03-08 18:16,282.1,2.2
108,서울,2026-03-08 18:17,282.7,2.9
108,서울,2026-03-08 18:18,277.3,2.6
108,서울,2026-03-08 18:19,287,3
108,서울,2026-03-08 18:20,272.3,2.3
108,서울,2026-03-08 18:21,258.8,2.7
108,서울,2026-03-08 18:22,260.8,2.4
108,서울,2026-03-08 18:23,261.2,4
108,서울,2026-03-08 18:24,269.3,3.7
108,서울,2026-03-08 18:25,279.1,2.4
108,서울,2026-03-08 18:26,280.8,3
108,서울,2026-03-08 18:27,302.8,2.5
108,서울,2026-03-08 18:28,282.6,2.2
108,서울,2026-03-08 18:29,254,3.5
108,서울,2026-03-08 18:30,278.3,3.4
108,서울,2026-03-08 18:31,252.3,3.7
108,서울,2026-03-08 18:32,268.9,2.3
108,서울,2026-03-08 18:33,295.5,3.8
108,서울,2026-03-08 18:34,269.1,3.6
108,서울,2026-03-08 18:35,284.9,3.5
108,서울,2026-03-08 18:36,282.3,4.4
108,서울,2026-03-08 18:37,264.3,2.7
108,서울,2026-03-08 18:38,288,2.8
108,서울,2026-03-08 18:39,280.5,3.1
108,서울,2026-03-08 18:40,274.4,3.1
108,서울,2026-03-08 18:41,268.3,2.6
108,서울,2026-03-08 18:42,296.5,2.9
108,서울,2026-03-08 18:43,302.1,4.1
108,서울,2026-03-08 18:44,289.5,3.7
108,서울,2026-03-08 18:45,282.1,3.3
108,서울,2026-03-08 18:46,290.8,4.8
108,서울,2026-03-08 18:47,289,4.1
108,서울,2026-03-08 18:48,287.1,4.9
108,서울,2026-03-08 18:49,285.3,4.2
108,서울,2026-03-08 18:50,278.7,4.2
108,서울,2026-03-08 18:51,285.7,5
108,서울,2026-03-08 18:52,293,4.4
108,서울,2026-03-08 18:53,291.4,5.2
108,서울,2026-03-08 18:54,289.2,5.2
108,서울,2026-03-08 18:55,288.8,5.3
108,서울,2026-03-08 18:56,290.4,4.7
108,서울,2026-03-08 18:57,286.1,3.7
108,서울,2026-03-08 18:58,291.9,3.6
108,서울,2026-03-08 18:59,276.6,3.1
108,서울,2026-03-08 19:00,292.2,4.1
108,서울,2026-03-08 19:01,294.5,4.3
108,서울,2026-03-08 19:02,298.4,4
108,서울,2026-03-08 19:03,298.1,4.4
108,서울,2026-03-08 19:04,299,4.8
108,서울,2026-03-08 19:05,294.9,4.8
108,서울,2026-03-08 19:06,293.8,4.3
108,서울,2026-03-08 19:07,293.6,4.7
108,서울,2026-03-08 19:08,295.8,4.8
108,서울,2026-03-08 19:09,291.9,3.9
108,서울,2026-03-08 19:10,292.1,3.8
108,서울,2026-03-08 19:11,289.6,4.7
108,서울,2026-03-08 19:12,289.3,5.2
108,서울,2026-03-08 19:13,295.1,5.4
108,서울,2026-03-08 19:14,295.6,5.4
108,서울,2026-03-08 19:15,288.8,4.9
108,서울,2026-03-08 19:16,293.7,5.2
108,서울,2026-03-08 19:17,292.1,4.9
108,서울,2026-03-08 19:18,284,4.7
108,서울,2026-03-08 19:19,284.6,4.1
108,서울,2026-03-08 19:20,285.1,2.9
108,서울,2026-03-08 19:21,288,3.3
108,서울,2026-03-08 19:22,282.6,4.4
108,서울,2026-03-08 19:23,278.4,3.3
108,서울,2026-03-08 19:24,289.6,3.9
108,서울,2026-03-08 19:25,284.7,4.6
108,서울,2026-03-08 19:26,282.6,3.5
108,서울,2026-03-08 19:27,287.6,4.4
108,서울,2026-03-08 19:28,290.7,5.2
108,서울,2026-03-08 19:29,286.2,4.3
108,서울,2026-03-08 19:30,285.3,4.9
108,서울,2026-03-08 19:31,279.2,3.5
108,서울,2026-03-08 19:32,281.8,3.3
108,서울,2026-03-08 19:33,279.9,3.6
108,서울,2026-03-08 19:34,284.1,4.5
108,서울,2026-03-08 19:35,281.9,4.3
108,서울,2026-03-08 19:36,286.1,4
108,서울,2026-03-08 19:37,284.3,3.6
108,서울,2026-03-08 19:38,292,4.8
108,서울,2026-03-08 19:39,282.1,3.6
108,서울,2026-03-08 19:40,289.8,4.9
108,서울,2026-03-08 19:41,294.9,3.9
108,서울,2026-03-08 19:42,288,3.4
108,서울,2026-03-08 19:43,291,4.3
108,서울,2026-03-08 19:44,288.4,4.4
108,서울,2026-03-08 19:45,292,4.6
108,서울,2026-03-08 19:46,289.8,3.9
108,서울,2026-03-08 19:47,282.8,3.4
108,서울,2026-03-08 19:48,291.4,3.4
108,서울,2026-03-08 19:49,289,3.3
108,서울,2026-03-08 19:50,287.5,3.7
108,서울,2026-03-08 19:51,291.5,4.7
108,서울,2026-03-08 19:52,286.5,3.2
108,서울,2026-03-08 19:53,280.3,3.1
108,서울,2026-03-08 19:54,282.7,3.9
108,서울,2026-03-08 19:55,280,3.7
108,서울,2026-03-08 19:56,274.6,3.9
108,서울,2026-03-08 19:57,288.1,3.3
108,서울,2026-03-08 19:58,285.7,3.7
108,서울,2026-03-08 19:59,275.1,3.9
108,서울,2026-03-08 20:00,279.4,3.4
108,서울,2026-03-08 20:01,278.4,4.1
108,서울,2026-03-08 20:02,274.3,4.5
108,서울,2026-03-08 20:03,278,4.1
108,서울,2026-03-08 20:04,280.9,3.1
108,서울,2026-03-08 20:05,272.1,3.5
108,서울,2026-03-08 20:06,280.8,3
108,서울,2026-03-08 20:07,276.9,3.3
108,서울,2026-03-08 20:08,274.4,4.9
108,서울,2026-03-08 20:09,278.4,3.6
108,서울,2026-03-08 20:10,275.2,3.3
108,서울,2026-03-08 20:11,276.2,3.3
108,서울,2026-03-08 20:12,280.7,3.8
108,서울,2026-03-08 20:13,282.1,3.3
108,서울,2026-03-08 20:14,280.2,3.1
108,서울,2026-03-08 20:15,286.3,3.5
108,서울,2026-03-08 20:16,276.3,3.3
108,서울,2026-03-08 20:17,276.5,3.2
108,서울,2026-03-08 20:18,274.3,2.5
108,서울,2026-03-08 20:19,277.1,3.1
108,서울,2026-03-08 20:20,286.6,2.6
108,서울,2026-03-08 20:21,282.4,3
108,서울,2026-03-08 20:22,284.4,3.1
108,서울,2026-03-08 20:23,288.5,3.7
108,서울,2026-03-08 20:24,287.2,2.7
108,서울,2026-03-08 20:25,288.9,2.7
108,서울,2026-03-08 20:26,292.1,3.4
108,서울,2026-03-08 20:27,293.6,3.6
108,서울,2026-03-08 20:28,289.4,3.8
108,서울,2026-03-08 20:29,293.8,4
108,서울,2026-03-08 20:30,290.1,4
108,서울,2026-03-08 20:31,298.9,3.7
108,서울,2026-03-08 20:32,292.9,3.2
108,서울,2026-03-08 20:33,291.9,3.5
108,서울,2026-03-08 20:34,289.1,3.9
108,서울,2026-03-08 20:35,288.5,3.7
108,서울,2026-03-08 20:36,289.5,3.7
108,서울,2026-03-08 20:37,282.1,3.1
108,서울,2026-03-08 20:38,292.9,3.4
108,서울,2026-03-08 20:39,279,3.6
108,서울,2026-03-08 20:40,295.8,3.3
108,서울,2026-03-08 20:41,291.7,3.8
108,서울,2026-03-08 20:42,281,3.5
108,서울,2026-03-08 20:43,284.7,2.8
108,서울,2026-03-08 20:44,285.4,2.7
108,서울,2026-03-08 20:45,283.9,3.5
108,서울,2026-03-08 20:46,293.3,3.7
108,서울,2026-03-08 20:47,290.7,3.4
108,서울,2026-03-08 20:48,284.5,3.1
108,서울,2026-03-08 20:49,291.1,2.9
108,서울,2026-03-08 20:50,291.1,3
108,서울,2026-03-08 20:51,290.8,2.7
108,서울,2026-03-08 20:52,291.2,2.7
108,서울,2026-03-08 20:53,294.8,2.7
108,서울,2026-03-08 20:54,296.9,3.6
108,서울,2026-03-08 20:55,292.6,3.2
108,서울,2026-03-08 20:56,289,3
108,서울,2026-03-08 20:57,288.6,3.3
108,서울,2026-03-08 20:58,286,2.9
108,서울,2026-03-08 20:59,288.2,2.7
108,서울,2026-03-08 21:00,280.5,2.9
108,서울,2026-03-08 21:01,285.5,2.7
108,서울,2026-03-08 21:02,272.9,2.4
108,서울,2026-03-08 21:03,278.8,2.6
108,서울,2026-03-08 21:04,280.6,2.3
108,서울,2026-03-08 21:05,273.9,2.7
108,서울,2026-03-08 21:06,282.6,2.5
108,서울,2026-03-08 21:07,274.7,2.9
108,서울,2026-03-08 21:08,285,2.5
108,서울,2026-03-08 21:09,278.2,2.8
108,서울,2026-03-08 21:10,275.3,2.4
108,서울,2026-03-08 21:11,282.8,2.3
108,서울,2026-03-08 21:12,276.4,2.5
108,서울,2026-03-08 21:13,270.6,2.5
108,서울,2026-03-08 21:14,272.3,3.1
108,서울,2026-03-08 21:15,273,2.6
108,서울,2026-03-08 21:16,273.9,2.8
108,서울,2026-03-08 21:17,273.4,2.9
108,서울,2026-03-08 21:18,269.7,3
108,서울,2026-03-08 21:19,265.3,2.9
108,서울,2026-03-08 21:20,268.6,2.6
108,서울,2026-03-08 21:21,263.8,2.4
108,서울,2026-03-08 21:22,260.9,2.7
108,서울,2026-03-08 21:23,254.4,2.4
108,서울,2026-03-08 21:24,257.6,2.6
108,서울,2026-03-08 21:25,257.1,3.1
108,서울,2026-03-08 21:26,259.3,3.3
108,서울,2026-03-08 21:27,265,3.3
108,서울,2026-03-08 21:28,256.6,3.4
108,서울,2026-03-08 21:29,262.6,3.7
108,서울,2026-03-08 21:30,261.3,3.2
108,서울,2026-03-08 21:31,263.6,4
108,서울,2026-03-08 21:32,259.7,4
108,서울,2026-03-08 21:33,256.2,3.3
108,서울,2026-03-08 21:34,249.7,3.1
108,서울,2026-03-08 21:35,259.4,3.5
108,서울,2026-03-08 21:36,252.5,4
108,서울,2026-03-08 21:37,257.8,2.7
108,서울,2026-03-08 21:38,256.3,3.3
108,서울,2026-03-08 21:39,245.1,3.1
108,서울,2026-03-08 21:40,273.1,2.7
108,서울,2026-03-08 21:41,252.2,2.7
108,서울,2026-03-08 21:42,264.6,2.9
108,서울,2026-03-08 21:43,264.4,3.5
108,서울,2026-03-08 21:44,262.9,2.8
108,서울,2026-03-08 21:45,252.9,3.1
108,서울,2026-03-08 21:46,265.3,3.2
108,서울,2026-03-08 21:47,278.1,1.9
108,서울,2026-03-08 21:48,267.9,2.8
108,서울,2026-03-08 21:49,268.1,2.7
108,서울,2026-03-08 21:50,270,2.5
108,서울,2026-03-08 21:51,276,2
108,서울,2026-03-08 21:52,293.2,2.5
108,서울,2026-03-08 21:53,290.6,2.3
108,서울,2026-03-08 21:54,290.8,2.8
108,서울,2026-03-08 21:55,293.6,2.3
108,서울,2026-03-08 21:56,293.1,2
108,서울,2026-03-08 21:57,296.1,2.6
108,서울,2026-03-08 21:58,291.9,2.9
108,서울,2026-03-08 21:59,293,3.1
108,서울,2026-03-08 22:00,297,3.1
108,서울,2026-03-08 22:01,293.6,3.3
108,서울,2026-03-08 22:02,291.9,3.5
108,서울,2026-03-08 22:03,284.3,2.6
108,서울,2026-03-08 22:04,278.7,2.5
108,서울,2026-03-08 22:05,273.4,2.7
108,서울,2026-03-08 22:06,267.1,2.7
108,서울,2026-03-08 22:07,263,3.1
108,서울,2026-03-08 22:08,273.5,2.4
108,서울,2026-03-08 22:09,279.1,2.1
108,서울,2026-03-08 22:10,282.4,2.4
108,서울,2026-03-08 22:11,271.6,2.6
108,서울,2026-03-08 22:12,282.6,2.2
108,서울,2026-03-08 22:13,283.2,2.3
108,서울,2026-03-08 22:14,274.5,3.1
108,서울,2026-03-08 22:15,280.4,2.1
108,서울,2026-03-08 22:16,287.1,2.7
108,서울,2026-03-08 22:17,291.9,2.5
108,서울,2026-03-08 22:18,289.5,2.3
108,서울,2026-03-08 22:19,281.1,3.3
108,서울,2026-03-08 22:20,288.6,2.7
108,서울,2026-03-08 22:21,280.3,2.4
108,서울,2026-03-08 22:22,281.7,1.9
108,서울,2026-03-08 22:23,286.5,2.5
108,서울,2026-03-08 22:24,288,2.5
108,서울,2026-03-08 22:25,280.4,2.2
108,서울,2026-03-08 22:26,290.5,2
108,서울,2026-03-08 22:27,286,2.6
108,서울,2026-03-08 22:28,280.4,2.6
108,서울,2026-03-08 22:29,253.6,1.9
108,서울,2026-03-08 22:30,287.1,2.2
108,서울,2026-03-08 22:31,269.8,2.2
108,서울,2026-03-08 22:32,274.8,2.4
108,서울,2026-03-08 22:33,270.8,2.1
108,서울,2026-03-08 22:34,270.8,1.8
108,서울,2026-03-08 22:35,260.6,2.3
108,서울,2026-03-08 22:36,265.4,1.9
108,서울,2026-03-08 22:37,277.6,2.2
108,서울,2026-03-08 22:38,268.6,2.6
108,서울,2026-03-08 22:39,287.6,2.2
108,서울,2026-03-08 22:40,274.1,2.1
108,서울,2026-03-08 22:41,288.5,2.4
108,서울,2026-03-08 22:42,288.5,1.3
108,서울,2026-03-08 22:43,290.5,2.2
108,서울,2026-03-08 22:44,266.8,2.1
108,서울,2026-03-08 22:45,264.3,1.6
108,서울,2026-03-08 22:46,268.4,1.9
108,서울,2026-03-08 22:47,267.6,2.1
108,서울,2026-03-08 22:48,284.5,1.8
108,서울,2026-03-08 22:49,277.9,1.9
108,서울,2026-03-08 22:50,284.9,2.8
108,서울,2026-03-08 22:51,263,2.3
108,서울,2026-03-08 22:52,290,.9
108,서울,2026-03-08 22:53,271.5,1.4
108,서울,2026-03-08 22:54,254.6,2.3
108,서울,2026-03-08 22:55,266.5,2.4
108,서울,2026-03-08 22:56,282.6,2.2
108,서울,2026-03-08 22:57,264.4,2.3
108,서울,2026-03-08 22:58,260.6,1.6
108,서울,2026-03-08 22:59,277.3,1.2
108,서울,2026-03-08 23:00,265.7,1.9
108,서울,2026-03-08 23:01,265.7,2.2
108,서울,2026-03-08 23:02,249.2,2.5
108,서울,2026-03-08 23:03,256,2
108,서울,2026-03-08 23:04,249.1,1
108,서울,2026-03-08 23:05,254.3,1.5
108,서울,2026-03-08 23:06,255,2.2
108,서울,2026-03-08 23:07,258,2.5
108,서울,2026-03-08 23:08,252.9,2.7
108,서울,2026-03-08 23:09,237.7,2.1
108,서울,2026-03-08 23:10,248,2.1
108,서울,2026-03-08 23:11,258.9,2.2
108,서울,2026-03-08 23:12,251.9,2.5
108,서울,2026-03-08 23:13,240,2.1
108,서울,2026-03-08 23:14,250,2
108,서울,2026-03-08 23:15,257,2.2
108,서울,2026-03-08 23:16,261,2.3
108,서울,2026-03-08 23:17,244.7,1.4
108,서울,2026-03-08 23:18,252.5,2
108,서울,2026-03-08 23:19,239.8,2.2
108,서울,2026-03-08 23:20,247.2,2.4
108,서울,2026-03-08 23:21,258.8,2.5
108,서울,2026-03-08 23:22,254,2.5
108,서울,2026-03-08 23:23,263.7,1.9
108,서울,2026-03-08 23:24,262.4,2.2
108,서울,2026-03-08 23:25,261.8,2.1
108,서울,2026-03-08 23:26,249.3,2.5
108,서울,2026-03-08 23:27,254.7,1.9
108,서울,2026-03-08 23:28,264.2,2.4
108,서울,2026-03-08 23:29,259.1,2.3
108,서울,2026-03-08 23:30,257.1,1.7
108,서울,2026-03-08 23:31,262.9,1.8
108,서울,2026-03-08 23:32,256.5,1.6
108,서울,2026-03-08 23:33,252.5,1.6
108,서울,2026-03-08 23:34,262.3,1.7
108,서울,2026-03-08 23:35,260.5,2
108,서울,2026-03-08 23:36,271.2,1.3
108,서울,2026-03-08 23:37,279.9,1.6
108,서울,2026-03-08 23:38,285,2
108,서울,2026-03-08 23:39,278.7,2.5
108,서울,2026-03-08 23:40,269.4,1.7
108,서울,2026-03-08 23:41,293,2.3
108,서울,2026-03-08 23:42,286,1.4
108,서울,2026-03-08 23:43,268.4,.6
108,서울,2026-03-08 23:44,257.3,1.2
108,서울,2026-03-08 23:45,280.1,1
108,서울,2026-03-08 23:46,264.9,.7
108,서울,2026-03-08 23:47,270.1,2
108,서울,2026-03-08 23:48,258.6,1.4
108,서울,2026-03-08 23:49,262.7,1.4
108,서울,2026-03-08 23:50,258,1
108,서울,2026-03-08 23:51,257.2,1.6
108,서울,2026-03-08 23:52,257.8,2.2
108,서울,2026-03-08 23:53,281.7,1.6
108,서울,2026-03-08 23:54,295.9,1.5
108,서울,2026-03-08 23:55,276.4,1.9
108,서울,2026-03-08 23:56,275.3,1.7
108,서울,2026-03-08 23:57,276.8,.9
108,서울,2026-03-08 23:58,282.7,1.3
108,서울,2026-03-08 23:59,285.8,1
108,서울,2026-03-09 00:00,293.7,2
116,관악산,2026-03-08 00:01,352,1.6
116,관악산,2026-03-08 00:02,341,1.6
116,관악산,2026-03-08 00:03,336,1.7
116,관악산,2026-03-08 00:04,324,1.6
116,관악산,2026-03-08 00:05,326,2
116,관악산,2026-03-08 00:06,323,2.1
116,관악산,2026-03-08 00:07,327,1.9
116,관악산,2026-03-08 00:08,329,1.7
116,관악산,2026-03-08 00:09,328,1.4
116,관악산,2026-03-08 00:10,356,1.1
116,관악산,2026-03-08 00:11,349,1.3
116,관악산,2026-03-08 00:12,333,1.6
116,관악산,2026-03-08 00:13,323,1.6
116,관악산,2026-03-08 00:14,320,1.1
116,관악산,2026-03-08 00:15,313,.8
116,관악산,2026-03-08 00:16,287,1.1
116,관악산,2026-03-08 00:17,307,1.5
116,관악산,2026-03-08 00:18,311,1.5
116,관악산,2026-03-08 00:19,317,1.7
116,관악산,2026-03-08 00:20,320,1.8
116,관악산,2026-03-08 00:21,332,1.9
116,관악산,2026-03-08 00:22,335,1.8
116,관악산,2026-03-08 00:23,331,1.8
116,관악산,2026-03-08 00:24,343,1.6
116,관악산,2026-03-08 00:25,355,1.1
116,관악산,2026-03-08 00:26,356,1.2
116,관악산,2026-03-08 00:27,355,1.1
116,관악산,2026-03-08 00:28,357,1.1
116,관악산,2026-03-08 00:29,356,1.1
116,관악산,2026-03-08 00:30,352,1
116,관악산,2026-03-08 00:31,347,1.1
116,관악산,2026-03-08 00:32,346,1.2
116,관악산,2026-03-08 00:33,340,1.5
116,관악산,2026-03-08 00:34,340,1.5
116,관악산,2026-03-08 00:35,347,1.1
116,관악산,2026-03-08 00:36,351,.8
116,관악산,2026-03-08 00:37,351,.8
116,관악산,2026-03-08 00:38,351,.9
116,관악산,2026-03-08 00:39,345,1
116,관악산,2026-03-08 00:40,358,.8
116,관악산,2026-03-08 00:41,354,1.1
116,관악산,2026-03-08 00:42,351,.9
116,관악산,2026-03-08 00:43,351,.8
116,관악산,2026-03-08 00:44,351,1
116,관악산,2026-03-08 00:45,340,1.3
116,관악산,2026-03-08 00:46,346,1.3
116,관악산,2026-03-08 00:47,344,1.5
116,관악산,2026-03-08 00:48,346,1.4
116,관악산,2026-03-08 00:49,351,.9
116,관악산,2026-03-08 00:50,348,1.2
116,관악산,2026-03-08 00:51,331,1.4
116,관악산,2026-03-08 00:52,335,1.3
116,관악산,2026-03-08 00:53,356,1.1
116,관악산,2026-03-08 00:54,1,1.2
116,관악산,2026-03-08 00:55,359.9,1
116,관악산,2026-03-08 00:56,3,1.2
116,관악산,2026-03-08 00:57,2,1.1
116,관악산,2026-03-08 00:58,2,1.1
116,관악산,2026-03-08 00:59,358,1.1
116,관악산,2026-03-08 01:00,358,1.1
116,관악산,2026-03-08 01:01,357,1.1
116,관악산,2026-03-08 01:02,354,1.1
116,관악산,2026-03-08 01:03,352,1
116,관악산,2026-03-08 01:04,355,1.2
116,관악산,2026-03-08 01:05,355,1
116,관악산,2026-03-08 01:06,354,1
116,관악산,2026-03-08 01:07,355,1
116,관악산,2026-03-08 01:08,1,1.2
116,관악산,2026-03-08 01:09,359.9,1.3
116,관악산,2026-03-08 01:10,1,1.3
116,관악산,2026-03-08 01:11,358,1.2
116,관악산,2026-03-08 01:12,356,1.1
116,관악산,2026-03-08 01:13,359,1.1
116,관악산,2026-03-08 01:14,357,1.1
116,관악산,2026-03-08 01:15,347,1.3
116,관악산,2026-03-08 01:16,345,1.3
116,관악산,2026-03-08 01:17,351,1.2
116,관악산,2026-03-08 01:18,358,1.1
116,관악산,2026-03-08 01:19,359,1.3
116,관악산,2026-03-08 01:20,359.9,1.2
116,관악산,2026-03-08 01:21,359,1.2
116,관악산,2026-03-08 01:22,2,1.2
116,관악산,2026-03-08 01:23,358,1
116,관악산,2026-03-08 01:24,8,1.1
116,관악산,2026-03-08 01:25,4,1.1
116,관악산,2026-03-08 01:26,5,1.1
116,관악산,2026-03-08 01:27,6,.9
116,관악산,2026-03-08 01:28,1,.8
116,관악산,2026-03-08 01:29,2,.9
116,관악산,2026-03-08 01:30,359.9,1
116,관악산,2026-03-08 01:31,359,1
116,관악산,2026-03-08 01:32,2,1.2
116,관악산,2026-03-08 01:33,4,1.2
116,관악산,2026-03-08 01:34,2,1.5
116,관악산,2026-03-08 01:35,2,1.2
116,관악산,2026-03-08 01:36,5,1.2
116,관악산,2026-03-08 01:37,4,1.3
116,관악산,2026-03-08 01:38,359,1
116,관악산,2026-03-08 01:39,3,1.1
116,관악산,2026-03-08 01:40,359.9,.9
116,관악산,2026-03-08 01:41,3,1
116,관악산,2026-03-08 01:42,4,1.2
116,관악산,2026-03-08 01:43,4,1.1
116,관악산,2026-03-08 01:44,4,1.2
116,관악산,2026-03-08 01:45,4,1.1
116,관악산,2026-03-08 01:46,4,1.1
116,관악산,2026-03-08 01:47,1,.9
116,관악산,2026-03-08 01:48,352,.7
116,관악산,2026-03-08 01:49,355,.7
116,관악산,2026-03-08 01:50,3,.7
116,관악산,2026-03-08 01:51,2,.8
116,관악산,2026-03-08 01:52,3,.9
116,관악산,2026-03-08 01:53,4,1
116,관악산,2026-03-08 01:54,5,1.2
116,관악산,2026-03-08 01:55,6,1.1
116,관악산,2026-03-08 01:56,4,1.1
116,관악산,2026-03-08 01:57,2,.9
116,관악산,2026-03-08 01:58,3,.9
116,관악산,2026-03-08 01:59,3,.7
116,관악산,2026-03-08 02:00,4,.7
116,관악산,2026-03-08 02:01,5,.9
116,관악산,2026-03-08 02:02,10,1.2
116,관악산,2026-03-08 02:03,10,1.3
116,관악산,2026-03-08 02:04,11,1.6
116,관악산,2026-03-08 02:05,10,1.6
116,관악산,2026-03-08 02:06,10,1.5
116,관악산,2026-03-08 02:07,10,1.4
116,관악산,2026-03-08 02:08,7,1.2
116,관악산,2026-03-08 02:09,5,.8
116,관악산,2026-03-08 02:10,8,.8
116,관악산,2026-03-08 02:11,11,.8
116,관악산,2026-03-08 02:12,13,1.1
116,관악산,2026-03-08 02:13,20,1.2
116,관악산,2026-03-08 02:14,21,1.3
116,관악산,2026-03-08 02:15,21,1.4
116,관악산,2026-03-08 02:16,22,1.6
116,관악산,2026-03-08 02:17,20,1.6
116,관악산,2026-03-08 02:18,20,1.8
116,관악산,2026-03-08 02:19,21,1.6
116,관악산,2026-03-08 02:20,21,1.6
116,관악산,2026-03-08 02:21,24,1.9
116,관악산,2026-03-08 02:22,31,1.5
116,관악산,2026-03-08 02:23,35,1.9
116,관악산,2026-03-08 02:24,37,1.8
116,관악산,2026-03-08 02:25,41,1.7
116,관악산,2026-03-08 02:26,36,1.8
116,관악산,2026-03-08 02:27,35,1.8
116,관악산,2026-03-08 02:28,35,1.8
116,관악산,2026-03-08 02:29,34,1.9
116,관악산,2026-03-08 02:30,32,2.2
116,관악산,2026-03-08 02:31,36,2.1
116,관악산,2026-03-08 02:32,37,1.8
116,관악산,2026-03-08 02:33,41,1.7
116,관악산,2026-03-08 02:34,53,1
116,관악산,2026-03-08 02:35,127,.4
116,관악산,2026-03-08 02:36,158,.4
116,관악산,2026-03-08 02:37,138,.9
116,관악산,2026-03-08 02:38,132,.8
116,관악산,2026-03-08 02:39,144,.5
116,관악산,2026-03-08 02:40,153,.6
116,관악산,2026-03-08 02:41,119,0
116,관악산,2026-03-08 02:42,65,.1
116,관악산,2026-03-08 02:43,154,.1
116,관악산,2026-03-08 02:44,195,0
116,관악산,2026-03-08 02:45,168,.1
116,관악산,2026-03-08 02:46,143,.4
116,관악산,2026-03-08 02:47,138,.8
116,관악산,2026-03-08 02:48,136,.8
116,관악산,2026-03-08 02:49,142,.6
116,관악산,2026-03-08 02:50,134,.1
116,관악산,2026-03-08 02:51,126,.4
116,관악산,2026-03-08 02:52,109,0
116,관악산,2026-03-08 02:53,156,.1
116,관악산,2026-03-08 02:54,318,.1
116,관악산,2026-03-08 02:55,228,.1
116,관악산,2026-03-08 02:56,197,.1
116,관악산,2026-03-08 02:57,220,.2
116,관악산,2026-03-08 02:58,173,.2
116,관악산,2026-03-08 02:59,136,.1
116,관악산,2026-03-08 03:00,180,.1
116,관악산,2026-03-08 03:01,171,.2
116,관악산,2026-03-08 03:02,184,.3
116,관악산,2026-03-08 03:03,223,0
116,관악산,2026-03-08 03:04,165,0
116,관악산,2026-03-08 03:05,259,0
116,관악산,2026-03-08 03:06,82,0
116,관악산,2026-03-08 03:07,43,.3
116,관악산,2026-03-08 03:08,47,.8
116,관악산,2026-03-08 03:09,53,.9
116,관악산,2026-03-08 03:10,51,.5
116,관악산,2026-03-08 03:11,71,.4
116,관악산,2026-03-08 03:12,79,.1
116,관악산,2026-03-08 03:13,160,.3
116,관악산,2026-03-08 03:14,159,.5
116,관악산,2026-03-08 03:15,223,.2
116,관악산,2026-03-08 03:16,215,0
116,관악산,2026-03-08 03:17,318,0
116,관악산,2026-03-08 03:18,75,.1
116,관악산,2026-03-08 03:19,19,.3
116,관악산,2026-03-08 03:20,41,.4
116,관악산,2026-03-08 03:21,45,1.2
116,관악산,2026-03-08 03:22,46,1.3
116,관악산,2026-03-08 03:23,50,1
116,관악산,2026-03-08 03:24,59,.7
116,관악산,2026-03-08 03:25,47,.5
116,관악산,2026-03-08 03:26,53,.7
116,관악산,2026-03-08 03:27,73,.3
116,관악산,2026-03-08 03:28,45,.7
116,관악산,2026-03-08 03:29,47,.9
116,관악산,2026-03-08 03:30,47,.9
116,관악산,2026-03-08 03:31,50,.3
116,관악산,2026-03-08 03:32,61,.5
116,관악산,2026-03-08 03:33,68,.4
116,관악산,2026-03-08 03:34,157,.1
116,관악산,2026-03-08 03:35,211,.3
116,관악산,2026-03-08 03:36,157,.2
116,관악산,2026-03-08 03:37,236,.1
116,관악산,2026-03-08 03:38,245,0
116,관악산,2026-03-08 03:39,102,0
116,관악산,2026-03-08 03:40,144,0
116,관악산,2026-03-08 03:41,199,.1
116,관악산,2026-03-08 03:42,165,0
116,관악산,2026-03-08 03:43,100,.1
116,관악산,2026-03-08 03:44,108,.2
116,관악산,2026-03-08 03:45,154,.3
116,관악산,2026-03-08 03:46,217,.2
116,관악산,2026-03-08 03:47,165,.3
116,관악산,2026-03-08 03:48,162,.4
116,관악산,2026-03-08 03:49,144,.6
116,관악산,2026-03-08 03:50,142,.7
116,관악산,2026-03-08 03:51,149,.5
116,관악산,2026-03-08 03:52,133,.2
116,관악산,2026-03-08 03:53,140,.3
116,관악산,2026-03-08 03:54,159,0
116,관악산,2026-03-08 03:55,151,.3
116,관악산,2026-03-08 03:56,170,.1
116,관악산,2026-03-08 03:57,204,.1
116,관악산,2026-03-08 03:58,318,.1
116,관악산,2026-03-08 03:59,327,0
116,관악산,2026-03-08 04:00,111,0
116,관악산,2026-03-08 04:01,251,.1
116,관악산,2026-03-08 04:02,200,.1
116,관악산,2026-03-08 04:03,229,.2
116,관악산,2026-03-08 04:04,205,.2
116,관악산,2026-03-08 04:05,193,.2
116,관악산,2026-03-08 04:06,220,0
116,관악산,2026-03-08 04:07,167,0
116,관악산,2026-03-08 04:08,136,0
116,관악산,2026-03-08 04:09,66,0
116,관악산,2026-03-08 04:10,126,0
116,관악산,2026-03-08 04:11,130,0
116,관악산,2026-03-08 04:12,94,.1
116,관악산,2026-03-08 04:13,54,0
116,관악산,2026-03-08 04:14,63,0
116,관악산,2026-03-08 04:15,83,0
116,관악산,2026-03-08 04:16,70,0
116,관악산,2026-03-08 04:17,75,0
116,관악산,2026-03-08 04:18,104,0
116,관악산,2026-03-08 04:19,62,0
116,관악산,2026-03-08 04:20,51,.5
116,관악산,2026-03-08 04:21,45,1.1
116,관악산,2026-03-08 04:22,42,1.1
116,관악산,2026-03-08 04:23,39,1.2
116,관악산,2026-03-08 04:24,38,1.1
116,관악산,2026-03-08 04:25,40,1.1
116,관악산,2026-03-08 04:26,43,1
116,관악산,2026-03-08 04:27,47,.8
116,관악산,2026-03-08 04:28,48,.7
116,관악산,2026-03-08 04:29,51,.4
116,관악산,2026-03-08 04:30,66,.1
116,관악산,2026-03-08 04:31,60,.1
116,관악산,2026-03-08 04:32,59,.2
116,관악산,2026-03-08 04:33,43,.6
116,관악산,2026-03-08 04:34,37,.7
116,관악산,2026-03-08 04:35,36,.7
116,관악산,2026-03-08 04:36,34,.8
116,관악산,2026-03-08 04:37,34,.8
116,관악산,2026-03-08 04:38,34,.7
116,관악산,2026-03-08 04:39,34,.8
116,관악산,2026-03-08 04:40,31,.7
116,관악산,2026-03-08 04:41,35,.6
116,관악산,2026-03-08 04:42,54,.3
116,관악산,2026-03-08 04:43,133,0
116,관악산,2026-03-08 04:44,188,0
116,관악산,2026-03-08 04:45,177,.2
116,관악산,2026-03-08 04:46,182,.1
116,관악산,2026-03-08 04:47,169,.3
116,관악산,2026-03-08 04:48,164,.4
116,관악산,2026-03-08 04:49,142,.4
116,관악산,2026-03-08 04:50,136,.4
116,관악산,2026-03-08 04:51,131,.4
116,관악산,2026-03-08 04:52,127,.5
116,관악산,2026-03-08 04:53,127,.4
116,관악산,2026-03-08 04:54,123,.5
116,관악산,2026-03-08 04:55,126,.4
116,관악산,2026-03-08 04:56,138,.3
116,관악산,2026-03-08 04:57,157,.2
116,관악산,2026-03-08 04:58,155,.4
116,관악산,2026-03-08 04:59,156,.5
116,관악산,2026-03-08 05:00,152,.3
116,관악산,2026-03-08 05:01,124,.3
116,관악산,2026-03-08 05:02,128,.3
116,관악산,2026-03-08 05:03,176,.1
116,관악산,2026-03-08 05:04,171,.2
116,관악산,2026-03-08 05:05,166,.2
116,관악산,2026-03-08 05:06,163,.2
116,관악산,2026-03-08 05:07,165,.2
116,관악산,2026-03-08 05:08,154,.3
116,관악산,2026-03-08 05:09,147,.4
116,관악산,2026-03-08 05:10,144,.4
116,관악산,2026-03-08 05:11,141,.3
116,관악산,2026-03-08 05:12,123,.3
116,관악산,2026-03-08 05:13,124,.3
116,관악산,2026-03-08 05:14,128,.3
116,관악산,2026-03-08 05:15,132,.2
116,관악산,2026-03-08 05:16,145,.1
116,관악산,2026-03-08 05:17,152,.1
116,관악산,2026-03-08 05:18,154,.2
116,관악산,2026-03-08 05:19,162,.2
116,관악산,2026-03-08 05:20,157,.2
116,관악산,2026-03-08 05:21,139,.2
116,관악산,2026-03-08 05:22,124,.3
116,관악산,2026-03-08 05:23,125,.1
116,관악산,2026-03-08 05:24,125,0
116,관악산,2026-03-08 05:25,124,0
116,관악산,2026-03-08 05:26,56,0
116,관악산,2026-03-08 05:27,23,.2
116,관악산,2026-03-08 05:28,22,.2
116,관악산,2026-03-08 05:29,21,.3
116,관악산,2026-03-08 05:30,21,.2
116,관악산,2026-03-08 05:31,22,.1
116,관악산,2026-03-08 05:32,22,.1
116,관악산,2026-03-08 05:33,20,0
116,관악산,2026-03-08 05:34,20,0
116,관악산,2026-03-08 05:35,20,0
116,관악산,2026-03-08 05:36,20,0
116,관악산,2026-03-08 05:37,20,0
116,관악산,2026-03-08 05:38,20,0
116,관악산,2026-03-08 05:39,20,0
116,관악산,2026-03-08 05:40,13,0
116,관악산,2026-03-08 05:41,8,0
116,관악산,2026-03-08 05:42,7,.1
116,관악산,2026-03-08 05:43,7,.1
116,관악산,2026-03-08 05:44,7,.1
116,관악산,2026-03-08 05:45,7,.1
116,관악산,2026-03-08 05:46,1,0
116,관악산,2026-03-08 05:47,359.9,0
116,관악산,2026-03-08 05:48,359.9,0
116,관악산,2026-03-08 05:49,13,0
116,관악산,2026-03-08 05:50,146,.3
116,관악산,2026-03-08 05:51,136,.4
116,관악산,2026-03-08 05:52,169,.2
116,관악산,2026-03-08 05:53,118,.3
116,관악산,2026-03-08 05:54,125,.3
116,관악산,2026-03-08 05:55,116,0
116,관악산,2026-03-08 05:56,95,0
116,관악산,2026-03-08 05:57,88,0
116,관악산,2026-03-08 05:58,91,0
116,관악산,2026-03-08 05:59,137,.1
116,관악산,2026-03-08 06:00,147,.3
116,관악산,2026-03-08 06:01,148,.3
116,관악산,2026-03-08 06:02,148,.2
116,관악산,2026-03-08 06:03,148,0
116,관악산,2026-03-08 06:04,148,0
116,관악산,2026-03-08 06:05,148,0
116,관악산,2026-03-08 06:06,136,0
116,관악산,2026-03-08 06:07,70,0
116,관악산,2026-03-08 06:08,22,0
116,관악산,2026-03-08 06:09,22,0
116,관악산,2026-03-08 06:10,22,0
116,관악산,2026-03-08 06:11,108,0
116,관악산,2026-03-08 06:12,175,.1
116,관악산,2026-03-08 06:13,169,.3
116,관악산,2026-03-08 06:14,162,.4
116,관악산,2026-03-08 06:15,160,.3
116,관악산,2026-03-08 06:16,161,.3
116,관악산,2026-03-08 06:17,161,.2
116,관악산,2026-03-08 06:18,161,0
116,관악산,2026-03-08 06:19,161,0
116,관악산,2026-03-08 06:20,161,0
116,관악산,2026-03-08 06:21,161,0
116,관악산,2026-03-08 06:22,160,0
116,관악산,2026-03-08 06:23,156,0
116,관악산,2026-03-08 06:24,157,.1
116,관악산,2026-03-08 06:25,185,.1
116,관악산,2026-03-08 06:26,159,.2
116,관악산,2026-03-08 06:27,158,.2
116,관악산,2026-03-08 06:28,161,0
116,관악산,2026-03-08 06:29,161,0
116,관악산,2026-03-08 06:30,161,0
116,관악산,2026-03-08 06:31,161,0
116,관악산,2026-03-08 06:32,243,0
116,관악산,2026-03-08 06:33,272,0
116,관악산,2026-03-08 06:34,242,0
116,관악산,2026-03-08 06:35,203,.1
116,관악산,2026-03-08 06:36,179,.2
116,관악산,2026-03-08 06:37,176,.3
116,관악산,2026-03-08 06:38,177,.3
116,관악산,2026-03-08 06:39,178,.3
116,관악산,2026-03-08 06:40,176,.3
116,관악산,2026-03-08 06:41,176,.4
116,관악산,2026-03-08 06:42,180,.4
116,관악산,2026-03-08 06:43,178,.3
116,관악산,2026-03-08 06:44,176,.3
116,관악산,2026-03-08 06:45,173,.3
116,관악산,2026-03-08 06:46,168,.3
116,관악산,2026-03-08 06:47,169,.3
116,관악산,2026-03-08 06:48,169,.3
116,관악산,2026-03-08 06:49,179,.3
116,관악산,2026-03-08 06:50,180,.2
116,관악산,2026-03-08 06:51,183,.3
116,관악산,2026-03-08 06:52,189,.2
116,관악산,2026-03-08 06:53,194,.1
116,관악산,2026-03-08 06:54,192,.2
116,관악산,2026-03-08 06:55,224,.2
116,관악산,2026-03-08 06:56,238,.5
116,관악산,2026-03-08 06:57,239,.4
116,관악산,2026-03-08 06:58,245,.3
116,관악산,2026-03-08 06:59,245,.2
116,관악산,2026-03-08 07:00,237,.1
116,관악산,2026-03-08 07:01,222,.4
116,관악산,2026-03-08 07:02,197,.2
116,관악산,2026-03-08 07:03,193,.3
116,관악산,2026-03-08 07:04,190,.3
116,관악산,2026-03-08 07:05,186,.3
116,관악산,2026-03-08 07:06,180,.3
116,관악산,2026-03-08 07:07,197,.2
116,관악산,2026-03-08 07:08,225,.3
116,관악산,2026-03-08 07:09,220,.3
116,관악산,2026-03-08 07:10,207,0
116,관악산,2026-03-08 07:11,229,.3
116,관악산,2026-03-08 07:12,220,.2
116,관악산,2026-03-08 07:13,207,.1
116,관악산,2026-03-08 07:14,171,.1
116,관악산,2026-03-08 07:15,178,.2
116,관악산,2026-03-08 07:16,173,.2
116,관악산,2026-03-08 07:17,187,.2
116,관악산,2026-03-08 07:18,196,.2
116,관악산,2026-03-08 07:19,199,.2
116,관악산,2026-03-08 07:20,183,0
116,관악산,2026-03-08 07:21,201,0
116,관악산,2026-03-08 07:22,210,.1
116,관악산,2026-03-08 07:23,216,.2
116,관악산,2026-03-08 07:24,206,0
116,관악산,2026-03-08 07:25,178,.2
116,관악산,2026-03-08 07:26,173,.2
116,관악산,2026-03-08 07:27,178,.2
116,관악산,2026-03-08 07:28,177,.1
116,관악산,2026-03-08 07:29,181,0
116,관악산,2026-03-08 07:30,218,.1
116,관악산,2026-03-08 07:31,235,.4
116,관악산,2026-03-08 07:32,237,.5
116,관악산,2026-03-08 07:33,239,.5
116,관악산,2026-03-08 07:34,237,.5
116,관악산,2026-03-08 07:35,230,.4
116,관악산,2026-03-08 07:36,210,.4
116,관악산,2026-03-08 07:37,195,.2
116,관악산,2026-03-08 07:38,188,.3
116,관악산,2026-03-08 07:39,181,.3
116,관악산,2026-03-08 07:40,175,.2
116,관악산,2026-03-08 07:41,171,.3
116,관악산,2026-03-08 07:42,181,.3
116,관악산,2026-03-08 07:43,215,.3
116,관악산,2026-03-08 07:44,204,.4
116,관악산,2026-03-08 07:45,198,.2
116,관악산,2026-03-08 07:46,180,.3
116,관악산,2026-03-08 07:47,177,.4
116,관악산,2026-03-08 07:48,174,.4
116,관악산,2026-03-08 07:49,169,.4
116,관악산,2026-03-08 07:50,165,.4
116,관악산,2026-03-08 07:51,169,.4
116,관악산,2026-03-08 07:52,178,.4
116,관악산,2026-03-08 07:53,178,.3
116,관악산,2026-03-08 07:54,183,.3
116,관악산,2026-03-08 07:55,176,.2
116,관악산,2026-03-08 07:56,161,.3
116,관악산,2026-03-08 07:57,183,.1
116,관악산,2026-03-08 07:58,170,.1
116,관악산,2026-03-08 07:59,182,0
116,관악산,2026-03-08 08:00,177,0
116,관악산,2026-03-08 08:01,179,.2
116,관악산,2026-03-08 08:02,182,.3
116,관악산,2026-03-08 08:03,183,.3
116,관악산,2026-03-08 08:04,167,.2
116,관악산,2026-03-08 08:05,189,.2
116,관악산,2026-03-08 08:06,184,.1
116,관악산,2026-03-08 08:07,192,.2
116,관악산,2026-03-08 08:08,202,0
116,관악산,2026-03-08 08:09,208,0
116,관악산,2026-03-08 08:10,202,.2
116,관악산,2026-03-08 08:11,207,.2
116,관악산,2026-03-08 08:12,187,.2
116,관악산,2026-03-08 08:13,191,.1
116,관악산,2026-03-08 08:14,202,0
116,관악산,2026-03-08 08:15,199,.2
116,관악산,2026-03-08 08:16,179,.1
116,관악산,2026-03-08 08:17,202,0
116,관악산,2026-03-08 08:18,206,0
116,관악산,2026-03-08 08:19,207,0
116,관악산,2026-03-08 08:20,186,0
116,관악산,2026-03-08 08:21,204,0
116,관악산,2026-03-08 08:22,217,.2
116,관악산,2026-03-08 08:23,208,.2
116,관악산,2026-03-08 08:24,184,.2
116,관악산,2026-03-08 08:25,176,.2
116,관악산,2026-03-08 08:26,176,.1
116,관악산,2026-03-08 08:27,204,.1
116,관악산,2026-03-08 08:28,215,.1
116,관악산,2026-03-08 08:29,215,.2
116,관악산,2026-03-08 08:30,217,.1
116,관악산,2026-03-08 08:31,240,0
116,관악산,2026-03-08 08:32,206,0
116,관악산,2026-03-08 08:33,222,.2
116,관악산,2026-03-08 08:34,203,0
116,관악산,2026-03-08 08:35,186,0
116,관악산,2026-03-08 08:36,184,0
116,관악산,2026-03-08 08:37,201,.2
116,관악산,2026-03-08 08:38,229,.1
116,관악산,2026-03-08 08:39,212,.1
116,관악산,2026-03-08 08:40,255,0
116,관악산,2026-03-08 08:41,221,0
116,관악산,2026-03-08 08:42,208,0
116,관악산,2026-03-08 08:43,201,.3
116,관악산,2026-03-08 08:44,183,.3
116,관악산,2026-03-08 08:45,176,.3
116,관악산,2026-03-08 08:46,174,.3
116,관악산,2026-03-08 08:47,186,.3
116,관악산,2026-03-08 08:48,218,.2
116,관악산,2026-03-08 08:49,231,.2
116,관악산,2026-03-08 08:50,232,.1
116,관악산,2026-03-08 08:51,236,.1
116,관악산,2026-03-08 08:52,238,0
116,관악산,2026-03-08 08:53,182,0
116,관악산,2026-03-08 08:54,3,0
116,관악산,2026-03-08 08:55,334,0
116,관악산,2026-03-08 08:56,206,.1
116,관악산,2026-03-08 08:57,213,.2
116,관악산,2026-03-08 08:58,215,.4
116,관악산,2026-03-08 08:59,177,.2
116,관악산,2026-03-08 09:00,180,.2
116,관악산,2026-03-08 09:01,216,.2
116,관악산,2026-03-08 09:02,217,0
116,관악산,2026-03-08 09:03,226,0
116,관악산,2026-03-08 09:04,306,.2
116,관악산,2026-03-08 09:05,304,0
116,관악산,2026-03-08 09:06,306,.4
116,관악산,2026-03-08 09:07,319,.2
116,관악산,2026-03-08 09:08,334,.2
116,관악산,2026-03-08 09:09,335,.4
116,관악산,2026-03-08 09:10,333,.3
116,관악산,2026-03-08 09:11,333,.2
116,관악산,2026-03-08 09:12,333,.1
116,관악산,2026-03-08 09:13,319,.2
116,관악산,2026-03-08 09:14,308,.4
116,관악산,2026-03-08 09:15,309,.3
116,관악산,2026-03-08 09:16,311,.4
116,관악산,2026-03-08 09:17,318,.2
116,관악산,2026-03-08 09:18,323,.2
116,관악산,2026-03-08 09:19,331,.2
116,관악산,2026-03-08 09:20,337,.2
116,관악산,2026-03-08 09:21,339,.1
116,관악산,2026-03-08 09:22,346,0
116,관악산,2026-03-08 09:23,346,.2
116,관악산,2026-03-08 09:24,346,0
116,관악산,2026-03-08 09:25,347,0
116,관악산,2026-03-08 09:26,348,0
116,관악산,2026-03-08 09:27,324,0
116,관악산,2026-03-08 09:28,5,.3
116,관악산,2026-03-08 09:29,42,.2
116,관악산,2026-03-08 09:30,279,.3
116,관악산,2026-03-08 09:31,278,.1
116,관악산,2026-03-08 09:32,277,0
116,관악산,2026-03-08 09:33,269,0
116,관악산,2026-03-08 09:34,270,0
116,관악산,2026-03-08 09:35,277,.1
116,관악산,2026-03-08 09:36,275,.2
116,관악산,2026-03-08 09:37,267,.1
116,관악산,2026-03-08 09:38,253,0
116,관악산,2026-03-08 09:39,253,0
116,관악산,2026-03-08 09:40,262,.1
116,관악산,2026-03-08 09:41,254,.2
116,관악산,2026-03-08 09:42,268,.2
116,관악산,2026-03-08 09:43,329,.3
116,관악산,2026-03-08 09:44,344,.3
116,관악산,2026-03-08 09:45,356,.4
116,관악산,2026-03-08 09:46,9,.6
116,관악산,2026-03-08 09:47,13,.4
116,관악산,2026-03-08 09:48,4,.2
116,관악산,2026-03-08 09:49,303,0
116,관악산,2026-03-08 09:50,354,.4
116,관악산,2026-03-08 09:51,357,.3
116,관악산,2026-03-08 09:52,13,.3
116,관악산,2026-03-08 09:53,17,.3
116,관악산,2026-03-08 09:54,38,0
116,관악산,2026-03-08 09:55,30,0
116,관악산,2026-03-08 09:56,16,.3
116,관악산,2026-03-08 09:57,13,.1
116,관악산,2026-03-08 09:58,12,.3
116,관악산,2026-03-08 09:59,16,.5
116,관악산,2026-03-08 10:00,8,.3
116,관악산,2026-03-08 10:01,4,0
116,관악산,2026-03-08 10:02,338,0
116,관악산,2026-03-08 10:03,296,0
116,관악산,2026-03-08 10:04,207,.1
116,관악산,2026-03-08 10:05,200,.2
116,관악산,2026-03-08 10:06,231,.3
116,관악산,2026-03-08 10:07,225,.6
116,관악산,2026-03-08 10:08,260,.1
116,관악산,2026-03-08 10:09,299,0
116,관악산,2026-03-08 10:10,324,.2
116,관악산,2026-03-08 10:11,332,.4
116,관악산,2026-03-08 10:12,329,.3
116,관악산,2026-03-08 10:13,322,.5
116,관악산,2026-03-08 10:14,290,.6
116,관악산,2026-03-08 10:15,314,.5
116,관악산,2026-03-08 10:16,317,.5
116,관악산,2026-03-08 10:17,323,.6
116,관악산,2026-03-08 10:18,334,.7
116,관악산,2026-03-08 10:19,357,.5
116,관악산,2026-03-08 10:20,357,.6
116,관악산,2026-03-08 10:21,341,.7
116,관악산,2026-03-08 10:22,344,.6
116,관악산,2026-03-08 10:23,359,.5
116,관악산,2026-03-08 10:24,327,.8
116,관악산,2026-03-08 10:25,339,.8
116,관악산,2026-03-08 10:26,2,.5
116,관악산,2026-03-08 10:27,352,.4
116,관악산,2026-03-08 10:28,340,.4
116,관악산,2026-03-08 10:29,355,.4
116,관악산,2026-03-08 10:30,352,.4
116,관악산,2026-03-08 10:31,5,.4
116,관악산,2026-03-08 10:32,359.9,.3
116,관악산,2026-03-08 10:33,299,.2
116,관악산,2026-03-08 10:34,326,.1
116,관악산,2026-03-08 10:35,325,.3
116,관악산,2026-03-08 10:36,297,.3
116,관악산,2026-03-08 10:37,301,.3
116,관악산,2026-03-08 10:38,298,.3
116,관악산,2026-03-08 10:39,284,.1
116,관악산,2026-03-08 10:40,296,.2
116,관악산,2026-03-08 10:41,298,.2
116,관악산,2026-03-08 10:42,324,.5
116,관악산,2026-03-08 10:43,298,.3
116,관악산,2026-03-08 10:44,306,.1
116,관악산,2026-03-08 10:45,328,0
116,관악산,2026-03-08 10:46,304,.1
116,관악산,2026-03-08 10:47,289,.2
116,관악산,2026-03-08 10:48,263,.4
116,관악산,2026-03-08 10:49,327,.2
116,관악산,2026-03-08 10:50,343,.3
116,관악산,2026-03-08 10:51,353,.4
116,관악산,2026-03-08 10:52,326,.7
116,관악산,2026-03-08 10:53,316,.6
116,관악산,2026-03-08 10:54,343,.6
116,관악산,2026-03-08 10:55,1,.6
116,관악산,2026-03-08 10:56,350,.6
116,관악산,2026-03-08 10:57,353,.5
116,관악산,2026-03-08 10:58,335,.5
116,관악산,2026-03-08 10:59,325,.4
116,관악산,2026-03-08 11:00,328,.5
116,관악산,2026-03-08 11:01,347,.4
116,관악산,2026-03-08 11:02,333,.4
116,관악산,2026-03-08 11:03,328,.2
116,관악산,2026-03-08 11:04,350,0
116,관악산,2026-03-08 11:05,346,0
116,관악산,2026-03-08 11:06,318,.2
116,관악산,2026-03-08 11:07,316,.2
116,관악산,2026-03-08 11:08,262,0
116,관악산,2026-03-08 11:09,324,.1
116,관악산,2026-03-08 11:10,340,0
116,관악산,2026-03-08 11:11,8,.2
116,관악산,2026-03-08 11:12,335,.4
116,관악산,2026-03-08 11:13,1,.3
116,관악산,2026-03-08 11:14,3,.5
116,관악산,2026-03-08 11:15,353,.3
116,관악산,2026-03-08 11:16,357,.3
116,관악산,2026-03-08 11:17,352,.5
116,관악산,2026-03-08 11:18,332,.4
116,관악산,2026-03-08 11:19,332,.4
116,관악산,2026-03-08 11:20,275,.2
116,관악산,2026-03-08 11:21,257,.1
116,관악산,2026-03-08 11:22,316,.1
116,관악산,2026-03-08 11:23,355,.2
116,관악산,2026-03-08 11:24,304,.3
116,관악산,2026-03-08 11:25,352,.1
116,관악산,2026-03-08 11:26,15,.4
116,관악산,2026-03-08 11:27,2,.1
116,관악산,2026-03-08 11:28,332,0
116,관악산,2026-03-08 11:29,31,0
116,관악산,2026-03-08 11:30,339,.1
116,관악산,2026-03-08 11:31,331,.5
116,관악산,2026-03-08 11:32,310,.3
116,관악산,2026-03-08 11:33,321,.4
116,관악산,2026-03-08 11:34,352,.5
116,관악산,2026-03-08 11:35,318,.5
116,관악산,2026-03-08 11:36,354,.2
116,관악산,2026-03-08 11:37,328,.5
116,관악산,2026-03-08 11:38,327,.6
116,관악산,2026-03-08 11:39,327,.4
116,관악산,2026-03-08 11:40,334,.8
116,관악산,2026-03-08 11:41,331,.5
116,관악산,2026-03-08 11:42,349,.6
116,관악산,2026-03-08 11:43,346,1
116,관악산,2026-03-08 11:44,347,.9
116,관악산,2026-03-08 11:45,325,.8
116,관악산,2026-03-08 11:46,331,1
116,관악산,2026-03-08 11:47,357,.8
116,관악산,2026-03-08 11:48,3,.8
116,관악산,2026-03-08 11:49,346,1
116,관악산,2026-03-08 11:50,322,1
116,관악산,2026-03-08 11:51,348,.6
116,관악산,2026-03-08 11:52,333,.8
116,관악산,2026-03-08 11:53,349,1
116,관악산,2026-03-08 11:54,330,.8
116,관악산,2026-03-08 11:55,3,.7
116,관악산,2026-03-08 11:56,351,1.1
116,관악산,2026-03-08 11:57,318,1
116,관악산,2026-03-08 11:58,246,.1
116,관악산,2026-03-08 11:59,340,.5
116,관악산,2026-03-08 12:00,344,.8
116,관악산,2026-03-08 12:01,353,1
116,관악산,2026-03-08 12:02,352,.5
116,관악산,2026-03-08 12:03,321,.7
116,관악산,2026-03-08 12:04,356,.8
116,관악산,2026-03-08 12:05,326,1
116,관악산,2026-03-08 12:06,342,1.2
116,관악산,2026-03-08 12:07,309,1.1
116,관악산,2026-03-08 12:08,333,.6
116,관악산,2026-03-08 12:09,340,1
116,관악산,2026-03-08 12:10,346,1.2
116,관악산,2026-03-08 12:11,342,1
116,관악산,2026-03-08 12:12,347,1.3
116,관악산,2026-03-08 12:13,345,1.3
116,관악산,2026-03-08 12:14,344,1.4
116,관악산,2026-03-08 12:15,357,.9
116,관악산,2026-03-08 12:16,351,.9
116,관악산,2026-03-08 12:17,359,.5
116,관악산,2026-03-08 12:18,341,.8
116,관악산,2026-03-08 12:19,315,.6
116,관악산,2026-03-08 12:20,324,.4
116,관악산,2026-03-08 12:21,355,.2
116,관악산,2026-03-08 12:22,262,.4
116,관악산,2026-03-08 12:23,319,.7
116,관악산,2026-03-08 12:24,346,.3
116,관악산,2026-03-08 12:25,309,1
116,관악산,2026-03-08 12:26,322,.2
116,관악산,2026-03-08 12:27,339,.6
116,관악산,2026-03-08 12:28,4,.6
116,관악산,2026-03-08 12:29,350,.6
116,관악산,2026-03-08 12:30,354,.5
116,관악산,2026-03-08 12:31,359.9,.7
116,관악산,2026-03-08 12:32,349,.8
116,관악산,2026-03-08 12:33,328,.7
116,관악산,2026-03-08 12:34,289,.5
116,관악산,2026-03-08 12:35,354,.3
116,관악산,2026-03-08 12:36,14,.3
116,관악산,2026-03-08 12:37,356,.5
116,관악산,2026-03-08 12:38,359.9,.8
116,관악산,2026-03-08 12:39,354,.8
116,관악산,2026-03-08 12:40,359.9,.7
116,관악산,2026-03-08 12:41,350,.5
116,관악산,2026-03-08 12:42,338,.8
116,관악산,2026-03-08 12:43,340,.7
116,관악산,2026-03-08 12:44,349,.7
116,관악산,2026-03-08 12:45,336,.6
116,관악산,2026-03-08 12:46,333,.4
116,관악산,2026-03-08 12:47,3,.4
116,관악산,2026-03-08 12:48,27,.4
116,관악산,2026-03-08 12:49,348,.5
116,관악산,2026-03-08 12:50,352,.9
116,관악산,2026-03-08 12:51,350,1.3
116,관악산,2026-03-08 12:52,337,1.4
116,관악산,2026-03-08 12:53,345,1.3
116,관악산,2026-03-08 12:54,305,.8
116,관악산,2026-03-08 12:55,337,1.4
116,관악산,2026-03-08 12:56,275,.6
116,관악산,2026-03-08 12:57,248,.8
116,관악산,2026-03-08 12:58,163,.5
116,관악산,2026-03-08 12:59,321,1.1
116,관악산,2026-03-08 13:00,326,.7
116,관악산,2026-03-08 13:01,266,.8
116,관악산,2026-03-08 13:02,340,.7
116,관악산,2026-03-08 13:03,343,.7
116,관악산,2026-03-08 13:04,323,.6
116,관악산,2026-03-08 13:05,315,.5
116,관악산,2026-03-08 13:06,277,.3
116,관악산,2026-03-08 13:07,220,.3
116,관악산,2026-03-08 13:08,300,.3
116,관악산,2026-03-08 13:09,175,.2
116,관악산,2026-03-08 13:10,338,.4
116,관악산,2026-03-08 13:11,334,.3
116,관악산,2026-03-08 13:12,328,.6
116,관악산,2026-03-08 13:13,3,.3
116,관악산,2026-03-08 13:14,325,.5
116,관악산,2026-03-08 13:15,353,.5
116,관악산,2026-03-08 13:16,355,.3
116,관악산,2026-03-08 13:17,359.9,.6
116,관악산,2026-03-08 13:18,351,1
116,관악산,2026-03-08 13:19,349,1.1
116,관악산,2026-03-08 13:20,314,1.1
116,관악산,2026-03-08 13:21,353,1.1
116,관악산,2026-03-08 13:22,347,1.5
116,관악산,2026-03-08 13:23,347,1.4
116,관악산,2026-03-08 13:24,348,1
116,관악산,2026-03-08 13:25,3,.6
116,관악산,2026-03-08 13:26,200,.3
116,관악산,2026-03-08 13:27,262,.9
116,관악산,2026-03-08 13:28,256,.5
116,관악산,2026-03-08 13:29,262,.2
116,관악산,2026-03-08 13:30,319,.3
116,관악산,2026-03-08 13:31,347,1
116,관악산,2026-03-08 13:32,319,.5
116,관악산,2026-03-08 13:33,354,.9
116,관악산,2026-03-08 13:34,334,1.3
116,관악산,2026-03-08 13:35,335,1.1
116,관악산,2026-03-08 13:36,334,1.5
116,관악산,2026-03-08 13:37,337,1.4
116,관악산,2026-03-08 13:38,339,1.2
116,관악산,2026-03-08 13:39,358,.9
116,관악산,2026-03-08 13:40,317,.9
116,관악산,2026-03-08 13:41,344,.6
116,관악산,2026-03-08 13:42,342,1.7
116,관악산,2026-03-08 13:43,349,1.3
116,관악산,2026-03-08 13:44,358,1.1
116,관악산,2026-03-08 13:45,348,1.5
116,관악산,2026-03-08 13:46,347,1.2
116,관악산,2026-03-08 13:47,352,1.6
116,관악산,2026-03-08 13:48,339,1.6
116,관악산,2026-03-08 13:49,344,1.4
116,관악산,2026-03-08 13:50,342,1.1
116,관악산,2026-03-08 13:51,347,1.1
116,관악산,2026-03-08 13:52,350,1.2
116,관악산,2026-03-08 13:53,354,.9
116,관악산,2026-03-08 13:54,359,.8
116,관악산,2026-03-08 13:55,352,1.3
116,관악산,2026-03-08 13:56,341,1.5
116,관악산,2026-03-08 13:57,348,.9
116,관악산,2026-03-08 13:58,6,.7
116,관악산,2026-03-08 13:59,354,.5
116,관악산,2026-03-08 14:00,335,.7
116,관악산,2026-03-08 14:01,327,.3
116,관악산,2026-03-08 14:02,359,.1
116,관악산,2026-03-08 14:03,225,.3
116,관악산,2026-03-08 14:04,226,.2
116,관악산,2026-03-08 14:05,316,.2
116,관악산,2026-03-08 14:06,350,.1
116,관악산,2026-03-08 14:07,347,.5
116,관악산,2026-03-08 14:08,346,.6
116,관악산,2026-03-08 14:09,236,0
116,관악산,2026-03-08 14:10,319,.2
116,관악산,2026-03-08 14:11,347,.4
116,관악산,2026-03-08 14:12,340,.8
116,관악산,2026-03-08 14:13,321,.3
116,관악산,2026-03-08 14:14,331,.7
116,관악산,2026-03-08 14:15,17,.2
116,관악산,2026-03-08 14:16,291,.1
116,관악산,2026-03-08 14:17,356,.6
116,관악산,2026-03-08 14:18,354,.3
116,관악산,2026-03-08 14:19,348,.6
116,관악산,2026-03-08 14:20,333,.3
116,관악산,2026-03-08 14:21,346,.2
116,관악산,2026-03-08 14:22,2,.4
116,관악산,2026-03-08 14:23,349,.4
116,관악산,2026-03-08 14:24,154,.1
116,관악산,2026-03-08 14:25,307,.1
116,관악산,2026-03-08 14:26,345,.5
116,관악산,2026-03-08 14:27,331,.4
116,관악산,2026-03-08 14:28,332,.2
116,관악산,2026-03-08 14:29,352,.5
116,관악산,2026-03-08 14:30,354,.7
116,관악산,2026-03-08 14:31,345,.7
116,관악산,2026-03-08 14:32,344,.8
116,관악산,2026-03-08 14:33,339,.8
116,관악산,2026-03-08 14:34,350,1.1
116,관악산,2026-03-08 14:35,1,.7
116,관악산,2026-03-08 14:36,338,.8
116,관악산,2026-03-08 14:37,350,.8
116,관악산,2026-03-08 14:38,354,.9
116,관악산,2026-03-08 14:39,343,1.3
116,관악산,2026-03-08 14:40,345,.9
116,관악산,2026-03-08 14:41,339,1.4
116,관악산,2026-03-08 14:42,356,.9
116,관악산,2026-03-08 14:43,358,.7
116,관악산,2026-03-08 14:44,300,.4
116,관악산,2026-03-08 14:45,273,.6
116,관악산,2026-03-08 14:46,321,.5
116,관악산,2026-03-08 14:47,304,.2
116,관악산,2026-03-08 14:48,308,.5
116,관악산,2026-03-08 14:49,339,.4
116,관악산,2026-03-08 14:50,24,.2
116,관악산,2026-03-08 14:51,315,.3
116,관악산,2026-03-08 14:52,337,.6
116,관악산,2026-03-08 14:53,352,.5
116,관악산,2026-03-08 14:54,297,.5
116,관악산,2026-03-08 14:55,317,.4
116,관악산,2026-03-08 14:56,259,.4
116,관악산,2026-03-08 14:57,174,.1
116,관악산,2026-03-08 14:58,291,.3
116,관악산,2026-03-08 14:59,236,.4
116,관악산,2026-03-08 15:00,258,.4
116,관악산,2026-03-08 15:01,227,.3
116,관악산,2026-03-08 15:02,312,.3
116,관악산,2026-03-08 15:03,294,.5
116,관악산,2026-03-08 15:04,266,.4
116,관악산,2026-03-08 15:05,304,.5
116,관악산,2026-03-08 15:06,250,.6
116,관악산,2026-03-08 15:07,232,.4
116,관악산,2026-03-08 15:08,235,.5
116,관악산,2026-03-08 15:09,125,.2
116,관악산,2026-03-08 15:10,255,.7
116,관악산,2026-03-08 15:11,213,.3
116,관악산,2026-03-08 15:12,282,.4
116,관악산,2026-03-08 15:13,254,.4
116,관악산,2026-03-08 15:14,221,.3
116,관악산,2026-03-08 15:15,258,.4
116,관악산,2026-03-08 15:16,225,.3
116,관악산,2026-03-08 15:17,199,.2
116,관악산,2026-03-08 15:18,181,.3
116,관악산,2026-03-08 15:19,201,.1
116,관악산,2026-03-08 15:20,25,.4
116,관악산,2026-03-08 15:21,301,.2
116,관악산,2026-03-08 15:22,275,.6
116,관악산,2026-03-08 15:23,286,.4
116,관악산,2026-03-08 15:24,218,.4
116,관악산,2026-03-08 15:25,258,.7
116,관악산,2026-03-08 15:26,250,.5
116,관악산,2026-03-08 15:27,247,.5
116,관악산,2026-03-08 15:28,207,.3
116,관악산,2026-03-08 15:29,203,.3
116,관악산,2026-03-08 15:30,280,.5
116,관악산,2026-03-08 15:31,230,.6
116,관악산,2026-03-08 15:32,224,.2
116,관악산,2026-03-08 15:33,199,.2
116,관악산,2026-03-08 15:34,253,.3
116,관악산,2026-03-08 15:35,303,.3
116,관악산,2026-03-08 15:36,315,.4
116,관악산,2026-03-08 15:37,243,0
116,관악산,2026-03-08 15:38,280,.5
116,관악산,2026-03-08 15:39,237,.4
116,관악산,2026-03-08 15:40,233,.4
116,관악산,2026-03-08 15:41,286,.4
116,관악산,2026-03-08 15:42,248,.4
116,관악산,2026-03-08 15:43,225,.4
116,관악산,2026-03-08 15:44,258,.5
116,관악산,2026-03-08 15:45,277,.8
116,관악산,2026-03-08 15:46,325,.6
116,관악산,2026-03-08 15:47,313,.6
116,관악산,2026-03-08 15:48,348,.5
116,관악산,2026-03-08 15:49,321,.7
116,관악산,2026-03-08 15:50,277,.7
116,관악산,2026-03-08 15:51,251,.9
116,관악산,2026-03-08 15:52,272,.6
116,관악산,2026-03-08 15:53,261,.8
116,관악산,2026-03-08 15:54,249,.7
116,관악산,2026-03-08 15:55,295,.6
116,관악산,2026-03-08 15:56,187,.3
116,관악산,2026-03-08 15:57,236,.5
116,관악산,2026-03-08 15:58,276,.8
116,관악산,2026-03-08 15:59,255,.4
116,관악산,2026-03-08 16:00,13,.1
116,관악산,2026-03-08 16:01,266,.4
116,관악산,2026-03-08 16:02,268,.9
116,관악산,2026-03-08 16:03,241,1
116,관악산,2026-03-08 16:04,231,.3
116,관악산,2026-03-08 16:05,252,.5
116,관악산,2026-03-08 16:06,233,.4
116,관악산,2026-03-08 16:07,198,.2
116,관악산,2026-03-08 16:08,260,.3
116,관악산,2026-03-08 16:09,318,.3
116,관악산,2026-03-08 16:10,277,.3
116,관악산,2026-03-08 16:11,253,.6
116,관악산,2026-03-08 16:12,264,.4
116,관악산,2026-03-08 16:13,295,.6
116,관악산,2026-03-08 16:14,181,0
116,관악산,2026-03-08 16:15,277,.4
116,관악산,2026-03-08 16:16,243,.4
116,관악산,2026-03-08 16:17,254,.2
116,관악산,2026-03-08 16:18,230,.3
116,관악산,2026-03-08 16:19,289,.4
116,관악산,2026-03-08 16:20,322,.2
116,관악산,2026-03-08 16:21,256,.3
116,관악산,2026-03-08 16:22,211,.3
116,관악산,2026-03-08 16:23,254,.5
116,관악산,2026-03-08 16:24,302,.5
116,관악산,2026-03-08 16:25,276,.6
116,관악산,2026-03-08 16:26,280,.6
116,관악산,2026-03-08 16:27,270,1
116,관악산,2026-03-08 16:28,255,.3
116,관악산,2026-03-08 16:29,277,.8
116,관악산,2026-03-08 16:30,274,.6
116,관악산,2026-03-08 16:31,288,.8
116,관악산,2026-03-08 16:32,303,1
116,관악산,2026-03-08 16:33,304,.5
116,관악산,2026-03-08 16:34,284,.9
116,관악산,2026-03-08 16:35,283,.8
116,관악산,2026-03-08 16:36,287,.7
116,관악산,2026-03-08 16:37,278,.6
116,관악산,2026-03-08 16:38,316,.7
116,관악산,2026-03-08 16:39,284,.5
116,관악산,2026-03-08 16:40,326,.5
116,관악산,2026-03-08 16:41,264,.6
116,관악산,2026-03-08 16:42,271,.6
116,관악산,2026-03-08 16:43,287,.1
116,관악산,2026-03-08 16:44,260,.7
116,관악산,2026-03-08 16:45,221,.2
116,관악산,2026-03-08 16:46,299,.4
116,관악산,2026-03-08 16:47,253,.7
116,관악산,2026-03-08 16:48,251,.9
116,관악산,2026-03-08 16:49,136,.2
116,관악산,2026-03-08 16:50,256,.6
116,관악산,2026-03-08 16:51,255,.5
116,관악산,2026-03-08 16:52,263,.8
116,관악산,2026-03-08 16:53,283,.4
116,관악산,2026-03-08 16:54,236,.3
116,관악산,2026-03-08 16:55,293,.3
116,관악산,2026-03-08 16:56,341,.4
116,관악산,2026-03-08 16:57,243,.5
116,관악산,2026-03-08 16:58,264,1
116,관악산,2026-03-08 16:59,270,.4
116,관악산,2026-03-08 17:00,258,.6
116,관악산,2026-03-08 17:01,265,.9
116,관악산,2026-03-08 17:02,256,.6
116,관악산,2026-03-08 17:03,279,.8
116,관악산,2026-03-08 17:04,279,.8
116,관악산,2026-03-08 17:05,278,.8
116,관악산,2026-03-08 17:06,265,1.1
116,관악산,2026-03-08 17:07,257,.4
116,관악산,2026-03-08 17:08,276,.6
116,관악산,2026-03-08 17:09,291,.3
116,관악산,2026-03-08 17:10,256,.5
116,관악산,2026-03-08 17:11,285,.4
116,관악산,2026-03-08 17:12,266,.8
116,관악산,2026-03-08 17:13,277,.8
116,관악산,2026-03-08 17:14,264,1.1
116,관악산,2026-03-08 17:15,252,.7
116,관악산,2026-03-08 17:16,243,.6
116,관악산,2026-03-08 17:17,266,.8
116,관악산,2026-03-08 17:18,268,.6
116,관악산,2026-03-08 17:19,294,.7
116,관악산,2026-03-08 17:20,276,.4
116,관악산,2026-03-08 17:21,269,.7
116,관악산,2026-03-08 17:22,253,.5
116,관악산,2026-03-08 17:23,282,.8
116,관악산,2026-03-08 17:24,268,.7
116,관악산,2026-03-08 17:25,261,1
116,관악산,2026-03-08 17:26,270,.9
116,관악산,2026-03-08 17:27,301,.5
116,관악산,2026-03-08 17:28,283,.9
116,관악산,2026-03-08 17:29,261,.9
116,관악산,2026-03-08 17:30,258,1
116,관악산,2026-03-08 17:31,259,.6
116,관악산,2026-03-08 17:32,260,1
116,관악산,2026-03-08 17:33,278,.8
116,관악산,2026-03-08 17:34,264,.8
116,관악산,2026-03-08 17:35,271,1.1
116,관악산,2026-03-08 17:36,257,.9
116,관악산,2026-03-08 17:37,268,1.2
116,관악산,2026-03-08 17:38,253,.9
116,관악산,2026-03-08 17:39,264,.5
116,관악산,2026-03-08 17:40,268,1.2
116,관악산,2026-03-08 17:41,263,.6
116,관악산,2026-03-08 17:42,243,.6
116,관악산,2026-03-08 17:43,247,.7
116,관악산,2026-03-08 17:44,275,.5
116,관악산,2026-03-08 17:45,249,.5
116,관악산,2026-03-08 17:46,250,1
116,관악산,2026-03-08 17:47,254,.5
116,관악산,2026-03-08 17:48,272,.5
116,관악산,2026-03-08 17:49,251,.6
116,관악산,2026-03-08 17:50,272,.5
116,관악산,2026-03-08 17:51,249,.7
116,관악산,2026-03-08 17:52,273,.9
116,관악산,2026-03-08 17:53,254,.5
116,관악산,2026-03-08 17:54,258,.9
116,관악산,2026-03-08 17:55,258,1.1
116,관악산,2026-03-08 17:56,280,.7
116,관악산,2026-03-08 17:57,278,.6
116,관악산,2026-03-08 17:58,259,.9
116,관악산,2026-03-08 17:59,265,.6
116,관악산,2026-03-08 18:00,276,.5
116,관악산,2026-03-08 18:01,286,.9
116,관악산,2026-03-08 18:02,264,.9
116,관악산,2026-03-08 18:03,273,.7
116,관악산,2026-03-08 18:04,278,.5
116,관악산,2026-03-08 18:05,258,.9
116,관악산,2026-03-08 18:06,257,.7
116,관악산,2026-03-08 18:07,252,.3
116,관악산,2026-03-08 18:08,273,.3
116,관악산,2026-03-08 18:09,278,.6
116,관악산,2026-03-08 18:10,248,.5
116,관악산,2026-03-08 18:11,257,.7
116,관악산,2026-03-08 18:12,246,1
116,관악산,2026-03-08 18:13,253,1.3
116,관악산,2026-03-08 18:14,262,.7
116,관악산,2026-03-08 18:15,243,.6
116,관악산,2026-03-08 18:16,243,1.1
116,관악산,2026-03-08 18:17,240,.8
116,관악산,2026-03-08 18:18,251,.5
116,관악산,2026-03-08 18:19,247,1.4
116,관악산,2026-03-08 18:20,246,1.3
116,관악산,2026-03-08 18:21,243,1
116,관악산,2026-03-08 18:22,239,.8
116,관악산,2026-03-08 18:23,273,.5
116,관악산,2026-03-08 18:24,247,1.4
116,관악산,2026-03-08 18:25,256,.8
116,관악산,2026-03-08 18:26,237,1
116,관악산,2026-03-08 18:27,249,1.1
116,관악산,2026-03-08 18:28,251,1.8
116,관악산,2026-03-08 18:29,240,.9
116,관악산,2026-03-08 18:30,260,.9
116,관악산,2026-03-08 18:31,252,1.4
116,관악산,2026-03-08 18:32,247,.8
116,관악산,2026-03-08 18:33,264,1.1
116,관악산,2026-03-08 18:34,253,1.2
116,관악산,2026-03-08 18:35,261,1.3
116,관악산,2026-03-08 18:36,263,1
116,관악산,2026-03-08 18:37,256,1
116,관악산,2026-03-08 18:38,266,.9
116,관악산,2026-03-08 18:39,257,1.3
116,관악산,2026-03-08 18:40,259,1.5
116,관악산,2026-03-08 18:41,245,1.2
116,관악산,2026-03-08 18:42,257,1.1
116,관악산,2026-03-08 18:43,266,1.4
116,관악산,2026-03-08 18:44,263,1.2
116,관악산,2026-03-08 18:45,256,1.1
116,관악산,2026-03-08 18:46,254,1.5
116,관악산,2026-03-08 18:47,256,1.2
116,관악산,2026-03-08 18:48,269,1.1
116,관악산,2026-03-08 18:49,262,1.2
116,관악산,2026-03-08 18:50,258,.9
116,관악산,2026-03-08 18:51,257,1.1
116,관악산,2026-03-08 18:52,258,1.7
116,관악산,2026-03-08 18:53,258,1.5
116,관악산,2026-03-08 18:54,251,1.7
116,관악산,2026-03-08 18:55,258,.9
116,관악산,2026-03-08 18:56,260,.6
116,관악산,2026-03-08 18:57,255,.7
116,관악산,2026-03-08 18:58,258,1.1
116,관악산,2026-03-08 18:59,271,.8
116,관악산,2026-03-08 19:00,263,.7
116,관악산,2026-03-08 19:01,265,1
116,관악산,2026-03-08 19:02,259,.7
116,관악산,2026-03-08 19:03,264,1
116,관악산,2026-03-08 19:04,250,.9
116,관악산,2026-03-08 19:05,268,1
116,관악산,2026-03-08 19:06,252,1.2
116,관악산,2026-03-08 19:07,262,1
116,관악산,2026-03-08 19:08,253,1.2
116,관악산,2026-03-08 19:09,258,1.4
116,관악산,2026-03-08 19:10,263,.9
116,관악산,2026-03-08 19:11,269,1.2
116,관악산,2026-03-08 19:12,268,1.4
116,관악산,2026-03-08 19:13,257,1.4
116,관악산,2026-03-08 19:14,261,1.3
116,관악산,2026-03-08 19:15,262,1.7
116,관악산,2026-03-08 19:16,265,1.2
116,관악산,2026-03-08 19:17,267,1.1
116,관악산,2026-03-08 19:18,273,1
116,관악산,2026-03-08 19:19,273,1.1
116,관악산,2026-03-08 19:20,263,1.1
116,관악산,2026-03-08 19:21,251,.8
116,관악산,2026-03-08 19:22,266,1
116,관악산,2026-03-08 19:23,270,.9
116,관악산,2026-03-08 19:24,273,.7
116,관악산,2026-03-08 19:25,264,.9
116,관악산,2026-03-08 19:26,277,1.2
116,관악산,2026-03-08 19:27,273,.8
116,관악산,2026-03-08 19:28,287,1.1
116,관악산,2026-03-08 19:29,279,1.1
116,관악산,2026-03-08 19:30,278,1.5
116,관악산,2026-03-08 19:31,275,.9
116,관악산,2026-03-08 19:32,277,1.1
116,관악산,2026-03-08 19:33,282,1.2
116,관악산,2026-03-08 19:34,282,.8
116,관악산,2026-03-08 19:35,292,1.1
116,관악산,2026-03-08 19:36,271,1.2
116,관악산,2026-03-08 19:37,293,.9
116,관악산,2026-03-08 19:38,282,.7
116,관악산,2026-03-08 19:39,278,.9
116,관악산,2026-03-08 19:40,289,.8
116,관악산,2026-03-08 19:41,277,1.1
116,관악산,2026-03-08 19:42,273,1.1
116,관악산,2026-03-08 19:43,259,1.8
116,관악산,2026-03-08 19:44,296,1
116,관악산,2026-03-08 19:45,279,.7
116,관악산,2026-03-08 19:46,271,1.4
116,관악산,2026-03-08 19:47,257,1
116,관악산,2026-03-08 19:48,285,1
116,관악산,2026-03-08 19:49,282,1.2
116,관악산,2026-03-08 19:50,280,.9
116,관악산,2026-03-08 19:51,268,1.2
116,관악산,2026-03-08 19:52,274,1.6
116,관악산,2026-03-08 19:53,274,1.6
116,관악산,2026-03-08 19:54,285,.9
116,관악산,2026-03-08 19:55,275,.8
116,관악산,2026-03-08 19:56,268,1.1
116,관악산,2026-03-08 19:57,280,.9
116,관악산,2026-03-08 19:58,286,.9
116,관악산,2026-03-08 19:59,284,.9
116,관악산,2026-03-08 20:00,273,1.3
116,관악산,2026-03-08 20:01,286,.9
116,관악산,2026-03-08 20:02,276,1
116,관악산,2026-03-08 20:03,274,1.2
116,관악산,2026-03-08 20:04,266,1.2
116,관악산,2026-03-08 20:05,294,.9
116,관악산,2026-03-08 20:06,271,1.2
116,관악산,2026-03-08 20:07,277,.9
116,관악산,2026-03-08 20:08,271,1.4
116,관악산,2026-03-08 20:09,278,.6
116,관악산,2026-03-08 20:10,289,.8
116,관악산,2026-03-08 20:11,287,1.2
116,관악산,2026-03-08 20:12,273,.7
116,관악산,2026-03-08 20:13,295,.8
116,관악산,2026-03-08 20:14,282,1.1
116,관악산,2026-03-08 20:15,280,.9
116,관악산,2026-03-08 20:16,300,.6
116,관악산,2026-03-08 20:17,311,.6
116,관악산,2026-03-08 20:18,306,1.1
116,관악산,2026-03-08 20:19,286,.7
116,관악산,2026-03-08 20:20,301,.8
116,관악산,2026-03-08 20:21,275,1.3
116,관악산,2026-03-08 20:22,327,.4
116,관악산,2026-03-08 20:23,309,.6
116,관악산,2026-03-08 20:24,297,.9
116,관악산,2026-03-08 20:25,298,.5
116,관악산,2026-03-08 20:26,296,.6
116,관악산,2026-03-08 20:27,307,.8
116,관악산,2026-03-08 20:28,311,1
116,관악산,2026-03-08 20:29,305,.6
116,관악산,2026-03-08 20:30,326,1.5
116,관악산,2026-03-08 20:31,307,1.1
116,관악산,2026-03-08 20:32,292,.7
116,관악산,2026-03-08 20:33,331,.5
116,관악산,2026-03-08 20:34,287,.6
116,관악산,2026-03-08 20:35,312,1.3
116,관악산,2026-03-08 20:36,296,.8
116,관악산,2026-03-08 20:37,282,.7
116,관악산,2026-03-08 20:38,274,.7
116,관악산,2026-03-08 20:39,302,.6
116,관악산,2026-03-08 20:40,296,.5
116,관악산,2026-03-08 20:41,302,1
116,관악산,2026-03-08 20:42,305,1
116,관악산,2026-03-08 20:43,303,1.1
116,관악산,2026-03-08 20:44,305,1.1
116,관악산,2026-03-08 20:45,321,.8
116,관악산,2026-03-08 20:46,305,1.1
116,관악산,2026-03-08 20:47,315,1.5
116,관악산,2026-03-08 20:48,309,.9
116,관악산,2026-03-08 20:49,321,1
116,관악산,2026-03-08 20:50,305,1.7
116,관악산,2026-03-08 20:51,302,1.1
116,관악산,2026-03-08 20:52,299,1.1
116,관악산,2026-03-08 20:53,305,.9
116,관악산,2026-03-08 20:54,331,.7
116,관악산,2026-03-08 20:55,317,.9
116,관악산,2026-03-08 20:56,304,1.8
116,관악산,2026-03-08 20:57,303,1.5
116,관악산,2026-03-08 20:58,328,1.2
116,관악산,2026-03-08 20:59,318,1.5
116,관악산,2026-03-08 21:00,326,1.4
116,관악산,2026-03-08 21:01,310,2.2
116,관악산,2026-03-08 21:02,313,2.1
116,관악산,2026-03-08 21:03,318,.8
116,관악산,2026-03-08 21:04,309,.9
116,관악산,2026-03-08 21:05,335,1.1
116,관악산,2026-03-08 21:06,317,.8
116,관악산,2026-03-08 21:07,322,1.4
116,관악산,2026-03-08 21:08,313,1.2
116,관악산,2026-03-08 21:09,315,1.3
116,관악산,2026-03-08 21:10,287,.9
116,관악산,2026-03-08 21:11,304,1
116,관악산,2026-03-08 21:12,286,.5
116,관악산,2026-03-08 21:13,285,.7
116,관악산,2026-03-08 21:14,297,1.3
116,관악산,2026-03-08 21:15,284,1.1
116,관악산,2026-03-08 21:16,286,.9
116,관악산,2026-03-08 21:17,281,1
116,관악산,2026-03-08 21:18,278,1.2
116,관악산,2026-03-08 21:19,271,.9
116,관악산,2026-03-08 21:20,291,.8
116,관악산,2026-03-08 21:21,288,.8
116,관악산,2026-03-08 21:22,265,.9
116,관악산,2026-03-08 21:23,273,1.1
116,관악산,2026-03-08 21:24,274,1.1
116,관악산,2026-03-08 21:25,269,1.4
116,관악산,2026-03-08 21:26,267,1.8
116,관악산,2026-03-08 21:27,272,1.5
116,관악산,2026-03-08 21:28,296,1.1
116,관악산,2026-03-08 21:29,306,.5
116,관악산,2026-03-08 21:30,293,1.5
116,관악산,2026-03-08 21:31,321,1
116,관악산,2026-03-08 21:32,292,1.4
116,관악산,2026-03-08 21:33,278,1.4
116,관악산,2026-03-08 21:34,297,.7
116,관악산,2026-03-08 21:35,290,1.2
116,관악산,2026-03-08 21:36,326,.4
116,관악산,2026-03-08 21:37,308,1.5
116,관악산,2026-03-08 21:38,303,.8
116,관악산,2026-03-08 21:39,301,1.2
116,관악산,2026-03-08 21:40,325,1.1
116,관악산,2026-03-08 21:41,322,1.2
116,관악산,2026-03-08 21:42,336,.7
116,관악산,2026-03-08 21:43,314,1.1
116,관악산,2026-03-08 21:44,305,1
116,관악산,2026-03-08 21:45,318,1
116,관악산,2026-03-08 21:46,313,1.6
116,관악산,2026-03-08 21:47,311,1.1
116,관악산,2026-03-08 21:48,302,1.1
116,관악산,2026-03-08 21:49,301,1
116,관악산,2026-03-08 21:50,308,.9
116,관악산,2026-03-08 21:51,299,1.1
116,관악산,2026-03-08 21:52,299,1
116,관악산,2026-03-08 21:53,319,1
116,관악산,2026-03-08 21:54,330,.7
116,관악산,2026-03-08 21:55,295,1.3
116,관악산,2026-03-08 21:56,320,.8
116,관악산,2026-03-08 21:57,310,1.1
116,관악산,2026-03-08 21:58,314,1.4
116,관악산,2026-03-08 21:59,329,.8
116,관악산,2026-03-08 22:00,298,1
116,관악산,2026-03-08 22:01,305,.9
116,관악산,2026-03-08 22:02,318,1.3
116,관악산,2026-03-08 22:03,316,.7
116,관악산,2026-03-08 22:04,309,.9
116,관악산,2026-03-08 22:05,263,.8
116,관악산,2026-03-08 22:06,287,1.1
116,관악산,2026-03-08 22:07,274,1.4
116,관악산,2026-03-08 22:08,271,.9
116,관악산,2026-03-08 22:09,287,1.1
116,관악산,2026-03-08 22:10,277,.8
116,관악산,2026-03-08 22:11,282,.7
116,관악산,2026-03-08 22:12,283,.9
116,관악산,2026-03-08 22:13,278,.8
116,관악산,2026-03-08 22:14,283,1
116,관악산,2026-03-08 22:15,280,1.2
116,관악산,2026-03-08 22:16,273,.9
116,관악산,2026-03-08 22:17,271,.9
116,관악산,2026-03-08 22:18,305,1.1
116,관악산,2026-03-08 22:19,285,.8
116,관악산,2026-03-08 22:20,265,.9
116,관악산,2026-03-08 22:21,284,1.2
116,관악산,2026-03-08 22:22,289,.9
116,관악산,2026-03-08 22:23,286,.9
116,관악산,2026-03-08 22:24,280,1.9
116,관악산,2026-03-08 22:25,270,1.2
116,관악산,2026-03-08 22:26,277,1.1
116,관악산,2026-03-08 22:27,299,1.2
116,관악산,2026-03-08 22:28,288,1
116,관악산,2026-03-08 22:29,272,1.1
116,관악산,2026-03-08 22:30,282,.9
116,관악산,2026-03-08 22:31,290,1.3
116,관악산,2026-03-08 22:32,275,1
116,관악산,2026-03-08 22:33,265,.8
116,관악산,2026-03-08 22:34,300,.9
116,관악산,2026-03-08 22:35,293,1.3
116,관악산,2026-03-08 22:36,284,1.1
116,관악산,2026-03-08 22:37,292,.8
116,관악산,2026-03-08 22:38,306,.9
116,관악산,2026-03-08 22:39,271,1.1
116,관악산,2026-03-08 22:40,297,.9
116,관악산,2026-03-08 22:41,298,.6
116,관악산,2026-03-08 22:42,276,.8
116,관악산,2026-03-08 22:43,296,1
116,관악산,2026-03-08 22:44,291,.6
116,관악산,2026-03-08 22:45,275,.9
116,관악산,2026-03-08 22:46,313,.7
116,관악산,2026-03-08 22:47,275,.7
116,관악산,2026-03-08 22:48,302,.7
116,관악산,2026-03-08 22:49,308,.8
116,관악산,2026-03-08 22:50,304,.8
116,관악산,2026-03-08 22:51,305,.4
116,관악산,2026-03-08 22:52,329,1.6
116,관악산,2026-03-08 22:53,336,.8
116,관악산,2026-03-08 22:54,291,.9
116,관악산,2026-03-08 22:55,327,1.4
116,관악산,2026-03-08 22:56,326,.5
116,관악산,2026-03-08 22:57,315,.9
116,관악산,2026-03-08 22:58,318,1.3
116,관악산,2026-03-08 22:59,290,.7
116,관악산,2026-03-08 23:00,312,1
116,관악산,2026-03-08 23:01,312,1
116,관악산,2026-03-08 23:02,294,.8
116,관악산,2026-03-08 23:03,301,.8
116,관악산,2026-03-08 23:04,311,.9
116,관악산,2026-03-08 23:05,302,1
116,관악산,2026-03-08 23:06,268,1.3
116,관악산,2026-03-08 23:07,294,.8
116,관악산,2026-03-08 23:08,281,.7
116,관악산,2026-03-08 23:09,291,.8
116,관악산,2026-03-08 23:10,289,1.3
116,관악산,2026-03-08 23:11,278,.9
116,관악산,2026-03-08 23:12,291,1
116,관악산,2026-03-08 23:13,284,.9
116,관악산,2026-03-08 23:14,278,.8
116,관악산,2026-03-08 23:15,271,.7
116,관악산,2026-03-08 23:16,271,.7
116,관악산,2026-03-08 23:17,287,1.1
116,관악산,2026-03-08 23:18,286,.6
116,관악산,2026-03-08 23:19,310,.8
116,관악산,2026-03-08 23:20,284,.9
116,관악산,2026-03-08 23:21,316,.8
116,관악산,2026-03-08 23:22,292,1
116,관악산,2026-03-08 23:23,294,1.1
116,관악산,2026-03-08 23:24,282,1.2
116,관악산,2026-03-08 23:25,276,1.1
116,관악산,2026-03-08 23:26,285,1
116,관악산,2026-03-08 23:27,295,.9
116,관악산,2026-03-08 23:28,292,.8
116,관악산,2026-03-08 23:29,289,.9
116,관악산,2026-03-08 23:30,294,1.2
116,관악산,2026-03-08 23:31,280,1.1
116,관악산,2026-03-08 23:32,292,1.1
116,관악산,2026-03-08 23:33,285,1.2
116,관악산,2026-03-08 23:34,301,.8
116,관악산,2026-03-08 23:35,311,.8
116,관악산,2026-03-08 23:36,321,1.3
116,관악산,2026-03-08 23:37,278,.8
116,관악산,2026-03-08 23:38,303,1
116,관악산,2026-03-08 23:39,295,.6
116,관악산,2026-03-08 23:40,317,.9
116,관악산,2026-03-08 23:41,313,1.2
116,관악산,2026-03-08 23:42,322,.9
116,관악산,2026-03-08 23:43,309,1.1
116,관악산,2026-03-08 23:44,329,.8
116,관악산,2026-03-08 23:45,310,1.3
116,관악산,2026-03-08 23:46,319,1
116,관악산,2026-03-08 23:47,264,.8
116,관악산,2026-03-08 23:48,300,.9
116,관악산,2026-03-08 23:49,313,.4
116,관악산,2026-03-08 23:50,294,1.1
116,관악산,2026-03-08 23:51,283,1.3
116,관악산,2026-03-08 23:52,298,.7
116,관악산,2026-03-08 23:53,314,.5
116,관악산,2026-03-08 23:54,312,1.1
116,관악산,2026-03-08 23:55,303,1.1
116,관악산,2026-03-08 23:56,285,1
116,관악산,2026-03-08 23:57,296,.7
116,관악산,2026-03-08 23:58,307,1.2
116,관악산,2026-03-08 23:59,312,1
116,관악산,2026-03-09 00:00,322,1.1
